ID,Label,Glottocode,ISO639P3code,Name,Family,Latitude,Longitude,Project,ProjectFile,EntryDate,Comment,Link,Set
v_adnyamathanhaadny1235,Adnyamathanha_adny1235,adny1235,adt,Adnyamathanha,Pama-Nyungan,-30.1451,138.671,varikin,Adnyamathanha_adny1235.txt,NA,,NA,Varikin
v_aghulaghu1253,Aghul_aghu1253,aghu1253,agx,Aghul,Nakh-Daghestanian,41.9242,47.5843,varikin,Aghul_aghu1253.txt,NA,,NA,Varikin
v_aguarunaagua1253,Aguaruna_agua1253,agua1253,agr,Aguaruna,,-5.30044,-77.9218,varikin,Aguaruna_agua1253.txt,NA,,NA,Varikin
v_akhvakhnorthernakhvakhakhv1239,Akhvakh_Northern_Akhvakh__akhv1239,akhv1239,akv,Akhvakh,Nakh-Daghestanian,42.4003,46.3037,varikin,Akhvakh_Northern_Akhvakh__akhv1239.txt,NA,,NA,Varikin
v_akkadianakka1240,Akkadian_akka1240,akka1240,akk,Akkadian,Afro-Asiatic,33.1,44.1,varikin,Akkadian_akka1240.txt,NA,,NA,Varikin
v_albanianalba1267,Albanian_alba1267,alba1267,sqi,Albanian,Indo-European,,,varikin,Albanian_alba1267.txt,NA,,NA,Varikin
v_albaniantosktosk1239,Albanian_Tosk__tosk1239,tosk1239,als,Northern Tosk Albanian,Indo-European,41,20,varikin,Albanian_Tosk__tosk1239.txt,NA,,NA,Varikin
v_alyawarralya1239,Alyawarr_alya1239,alya1239,aly,Alyawarr,Pama-Nyungan,-21.0427,136.835,varikin,Alyawarr_alya1239.txt,NA,,NA,Varikin
v_amharicamha1245,Amharic_amha1245,amha1245,amh,Amharic,Afro-Asiatic,11.708182,39.543456,varikin,Amharic_amha1245.txt,NA,,NA,Varikin
v_amisamis1246,Amis_amis1246,amis1246,ami,Amis,Austronesian,23.0917,121.348,varikin,Amis_amis1246.txt,NA,,NA,Varikin
v_ancientgreekanci1242,Ancient_Greek_anci1242,anci1242,grc,Ancient Greek,Indo-European,39.8155,21.9129,varikin,Ancient_Greek_anci1242.txt,NA,,NA,Varikin
v_andiandi1255,Andi_andi1255,andi1255,ani,Andi,Nakh-Daghestanian,42.8078,46.2919,varikin,Andi_andi1255.txt,NA,,NA,Varikin
v_angaiteanga1316,Angaite_anga1316,anga1316,aqt,Angaité,,-22.85,-58.45,varikin,Angaite_anga1316.txt,NA,,NA,Varikin
v_arabanaarab1267,Arabana_arab1267,arab1267,ard,Arabana,Pama-Nyungan,-28.705,135.449,varikin,Arabana_arab1267.txt,NA,,NA,Varikin
v_archiarch1244,Archi_arch1244,arch1244,aqc,Archi,Nakh-Daghestanian,42.3239,46.8267,varikin,Archi_arch1244.txt,NA,,NA,Varikin
v_arizonayaquiyaqu1251a,Arizona_Yaqui_yaqu1251a,yaqu1251,yaq,Yaqui,Uto-Aztecan,29.9446,-110.681,varikin,Arizona_Yaqui_yaqu1251a.txt,NA,,NA,Varikin
v_armeniannucl1235,Armenian_nucl1235,nucl1235,hye,Eastern Armenian,Indo-European,40,45,varikin,Armenian_nucl1235.txt,NA,,NA,Varikin
v_assameseassa1263,Assamese_assa1263,assa1263,asm,Assamese,Indo-European,26.0876,91.2932,varikin,Assamese_assa1263.txt,NA,,NA,Varikin
v_asutanzaniaasut1235,Asu_Tanzania__asut1235,asut1235,asa,Asu (Tanzania),Atlantic-Congo,-4.17978,37.8323,varikin,Asu_Tanzania__asut1235.txt,NA,,NA,Varikin
v_atayalatay1247,Atayal_atay1247,atay1247,tay,Atayal,Austronesian,24.5209,121.388,varikin,Atayal_atay1247.txt,NA,,NA,Varikin
v_atsugewiatsu1245,Atsugewi_atsu1245,atsu1245,atw,Atsugewi,,40.4271,-120.661,varikin,Atsugewi_atsu1245.txt,NA,,NA,Varikin
v_avarancuxancu1238,Avar_Ancux__ancu1238,ancu1238,,Ancux,Nakh-Daghestanian,,,varikin,Avar_Ancux__ancu1238.txt,NA,,NA,Varikin
v_avarandalalanda1281,Avar_Andalal__anda1281,anda1281,,Andalal-Gxdatl,Nakh-Daghestanian,,,varikin,Avar_Andalal__anda1281.txt,NA,,NA,Varikin
v_avaravar1256,Avar_avar1256,avar1256,ava,Avar,Nakh-Daghestanian,41.7047,46.558,varikin,Avar_avar1256.txt,NA,,NA,Varikin
v_avarbatluxbatl1238,Avar_Batlux__batl1238,batl1238,,Batlux,Nakh-Daghestanian,,,varikin,Avar_Batlux__batl1238.txt,NA,,NA,Varikin
v_avarhiddialecthidd1238,Avar_Hid_dialect__hidd1238,hidd1238,,Hid,Nakh-Daghestanian,,,varikin,Avar_Hid_dialect__hidd1238.txt,NA,,NA,Varikin
v_avazkhunzakhkunz1243,Avaz_Khunzakh__kunz1243,kunz1243,,Kunzakh,Nakh-Daghestanian,,,varikin,Avaz_Khunzakh__kunz1243.txt,NA,,NA,Varikin
v_avestanaves1237,Avestan_aves1237,aves1237,ave,Avestan,Indo-European,31.541,53.633,varikin,Avestan_aves1237.txt,NA,,NA,Varikin
v_ayoreoayor1240,Ayoreo_ayor1240,ayor1240,ayo,Ayoreo,,-19.220055,-60.217495,varikin,Ayoreo_ayor1240.txt,NA,,NA,Varikin
v_aztecclas1250,Aztec_clas1250,clas1250,nci,Classical Nahuatl,Uto-Aztecan,19.72,-96.97,varikin,Aztec_clas1250.txt,NA,,NA,Varikin
v_badimayabadi1246,Badimaya_badi1246,badi1246,bia,Badimaya,Pama-Nyungan,-29.0647,117.246,varikin,Badimaya_badi1246.txt,NA,,NA,Varikin
v_bafiabafi1243,Bafia_bafi1243,bafi1243,ksf,Bafia,Atlantic-Congo,4.72603,11.0982,varikin,Bafia_bafi1243.txt,NA,,NA,Varikin
v_bahvalalbagv1239,Bahvalal_bagv1239,bagv1239,kva,Bagvalal,Nakh-Daghestanian,42.3966,46.1041,varikin,Bahvalal_bagv1239.txt,NA,,NA,Varikin
v_balicongobali1274,Bali_Congo__bali1274,bali1274,bcp,Bali (Democratic Republic of Congo),Atlantic-Congo,1.1807,26.5941,varikin,Bali_Congo__bali1274.txt,NA,,NA,Varikin
v_balidrcbali1275,Bali_DRC__bali1275,bali1275,,Bali,Atlantic-Congo,,,varikin,Bali_DRC__bali1275.txt,NA,,NA,Varikin
v_balochibalo1260,Balochi_balo1260,balo1260,,Balochic,Indo-European,,,varikin,Balochi_balo1260.txt,NA,,NA,Varikin
v_bamunbamu1253,Bamun_bamu1253,bamu1253,bax,Bamun,Atlantic-Congo,5.49017,10.8477,varikin,Bamun_bamu1253.txt,NA,,NA,Varikin
v_bandjalangband1339,Bandjalang_band1339,band1339,,Bandjalangic,Pama-Nyungan,-28.3458,152.859,varikin,Bandjalang_band1339.txt,NA,,NA,Varikin
v_bannockbann1248,Bannock_bann1248,bann1248,,Bannock,Uto-Aztecan,,,varikin,Bannock_bann1248.txt,NA,,NA,Varikin
v_baribari1297,Bari_bari1297,bari1297,mot,Barí,,9.08497,-72.9353,varikin,Bari_bari1297.txt,NA,,NA,Varikin
v_basquebasq1248,Basque_basq1248,basq1248,eus,Basque,,43.2787,-1.31622,varikin,Basque_basq1248.txt,NA,,NA,Varikin
v_basquewest1508,Basque_west1508,west1508,,Western Low Navarrese,,,,varikin,Basque_west1508.txt,NA,,NA,Varikin
v_batangabata1285,Batanga_bata1285,bata1285,bnm,Batanga,Atlantic-Congo,1.397041,9.51011,varikin,Batanga_bata1285.txt,NA,,NA,Varikin
v_batstsovatushbats1242,Bats_Tsova_Tush__bats1242,bats1242,bbl,Bats,Nakh-Daghestanian,42.1806,45.344,varikin,Bats_Tsova_Tush__bats1242.txt,NA,,NA,Varikin
v_baurebaur1253,Baure_baur1253,baur1253,brg,Baure,Arawakan,-13.1278,-64.1838,varikin,Baure_baur1253.txt,NA,,NA,Varikin
v_belarusianbela1254,Belarusian_bela1254,bela1254,bel,Belarusian,Indo-European,53.2307,25.6038,varikin,Belarusian_bela1254.txt,NA,,NA,Varikin
v_bembabemb1257,Bemba_bemb1257,bemb1257,bem,Bemba (Zambia),Atlantic-Congo,-10.6122,29.2993,varikin,Bemba_bemb1257.txt,NA,,NA,Varikin
v_benatanzaniabena1262,Bena_Tanzania__bena1262,bena1262,bez,Bena (Tanzania),Atlantic-Congo,-9.26671,35.0364,varikin,Bena_Tanzania__bena1262.txt,NA,,NA,Varikin
v_bendebend1258,Bende_bend1258,bend1258,bdp,Bende,Atlantic-Congo,-6.22082,30.5926,varikin,Bende_bend1258.txt,NA,,NA,Varikin
v_bengalibeng1280,Bengali_beng1280,beng1280,ben,Bengali,Indo-European,24,90,varikin,Bengali_beng1280.txt,NA,,NA,Varikin
v_berabera1259,Bera_bera1259,bera1259,brf,Bera,Atlantic-Congo,1.50054,30.0293,varikin,Bera_bera1259.txt,NA,,NA,Varikin
v_bezhtabezh1248,Bezhta_bezh1248,bezh1248,kap,Bezhta,Nakh-Daghestanian,42.1206,46.0332,varikin,Bezhta_bezh1248.txt,NA,,NA,Varikin
v_biharibiha1245,Bihari_biha1245,biha1245,,Bihari,Indo-European,,,varikin,Bihari_biha1245.txt,NA,,NA,Varikin
v_bilabila1255,Bila_bila1255,bila1255,bip,Bila,Atlantic-Congo,1.16839,28.7626,varikin,Bila_bila1255.txt,NA,,NA,Varikin
v_bindalbind1236,Bindal_bind1236,bind1236,,Bindal-Mount Elliot,Pama-Nyungan,-19.409007,147.002766,varikin,Bindal_bind1236.txt,NA,,NA,Varikin
v_birhorbirh1242,Birhor_birh1242,birh1242,biy,Birhor,Austroasiatic,23.585,85.5611,varikin,Birhor_birh1242.txt,NA,,NA,Varikin
v_biribiri1256,Biri_biri1256,biri1256,bzr,Biri,Pama-Nyungan,-20.1494,146.67,varikin,Biri_biri1256.txt,NA,,NA,Varikin
v_bitbitt1240,Bit_bitt1240,bitt1240,bgk,Bit,Austroasiatic,21.3474,101.916,varikin,Bit_bitt1240.txt,NA,,NA,Varikin
v_boersafri1274,Boers_afri1274,afri1274,afr,Afrikaans,Indo-European,-22,30,varikin,Boers_afri1274.txt,NA,,NA,Varikin
v_bretonbret1244,Breton_bret1244,bret1244,bre,Breton,Indo-European,48.2452,-3.78934,varikin,Breton_bret1244.txt,NA,,NA,Varikin
v_budukhbudu1248,Budukh_budu1248,budu1248,bdk,Budukh,Nakh-Daghestanian,41.2272,48.3353,varikin,Budukh_budu1248.txt,NA,,NA,Varikin
v_budzabudz1238,Budza_budz1238,budz1238,bja,Budza,Atlantic-Congo,2.19951,22.6107,varikin,Budza_budz1238.txt,NA,,NA,Varikin
v_bukusubuku1249,Bukusu_buku1249,buku1249,bxk,Bukusu,Atlantic-Congo,0.68043,34.7719,varikin,Bukusu_buku1249.txt,NA,,NA,Varikin
v_bulgarianbulg1262,Bulgarian_bulg1262,bulg1262,bul,Bulgarian,Indo-European,43.3646,25.047,varikin,Bulgarian_bulg1262.txt,NA,,NA,Varikin
v_bununbunu1267,Bunun_bunu1267,bunu1267,bnn,Bunun,Austronesian,23.4116,121.025,varikin,Bunun_bunu1267.txt,NA,,NA,Varikin
v_burmesenucl1310,Burmese_nucl1310,nucl1310,mya,Burmese,Sino-Tibetan,20.7926,93.9665,varikin,Burmese_nucl1310.txt,NA,,NA,Varikin
v_bushoongbush1247,Bushoong_bush1247,bush1247,buf,Bushoong,Atlantic-Congo,-4.69463,21.4556,varikin,Bushoong_bush1247.txt,NA,,NA,Varikin
v_bwaidogabwai1243,Bwaidoga_bwai1243,bwai1243,,Bwaidoga,Austronesian,,,varikin,Bwaidoga_bwai1243.txt,NA,,NA,Varikin
v_cahuillacahu1264,Cahuilla_cahu1264,cahu1264,chl,Cahuilla,Uto-Aztecan,33.5324,-116.691,varikin,Cahuilla_cahu1264.txt,NA,,NA,Varikin
v_carnicobaresecarn1240,Car_Nicobarese_carn1240,carn1240,caq,Car Nicobarese,Austroasiatic,9.18853,92.7671,varikin,Car_Nicobarese_carn1240.txt,NA,,NA,Varikin
v_carolinianscaro1242,Carolinians_caro1242,caro1242,cal,Carolinian,Austronesian,15.205,145.765,varikin,Carolinians_caro1242.txt,NA,,NA,Varikin
v_cayubabacayu1262,Cayubaba_cayu1262,cayu1262,cyb,Cayubaba,,-13.2482,-65.4822,varikin,Cayubaba_cayu1262.txt,NA,,NA,Varikin
v_centralaymaracent2142,Central_Aymara_cent2142,cent2142,ayr,Central Aymara,,-17,-68.5,varikin,Central_Aymara_cent2142.txt,NA,,NA,Varikin
v_centralkurdishcent1972,Central_Kurdish_cent1972,cent1972,ckb,Central Kurdish,Indo-European,35.6539,45.8077,varikin,Central_Kurdish_cent1972.txt,NA,,NA,Varikin
v_chamalalcham1309,Chamalal_cham1309,cham1309,cji,Chamalal,Nakh-Daghestanian,42.5024,45.995,varikin,Chamalal_cham1309.txt,NA,,NA,Varikin
v_chamalalgigatligiga1238,Chamalal_Gigatli__giga1238,giga1238,,Gigatl,Nakh-Daghestanian,,,varikin,Chamalal_Gigatli__giga1238.txt,NA,,NA,Varikin
v_chapalaachac1249,Cha_palaa_chac1249,chac1249,cbi,Cha'palaa,,0.71489,-79.0508,varikin,Cha_palaa_chac1249.txt,NA,,NA,Varikin
v_chemehuevichem1251,Chemehuevi_chem1251,chem1251,,Chemehuevi,Uto-Aztecan,35.356093,-116.438436,varikin,Chemehuevi_chem1251.txt,NA,,NA,Varikin
v_chenchuchen1255,Chenchu_chen1255,chen1255,cde,Chenchu,Dravidian,15.8787,79.2534,varikin,Chenchu_chen1255.txt,NA,,NA,Varikin
v_chimarikochim1301,Chimariko_chim1301,chim1301,cid,Chimariko,,41,-123,varikin,Chimariko_chim1301.txt,NA,,NA,Varikin
v_chipayachip1262,Chipaya_chip1262,chip1262,cap,Chipaya,,-18.73951,-67.89633,varikin,Chipaya_chip1262.txt,NA,,NA,Varikin
v_chiricahuamesc1238,Chiricahua_mesc1238,mesc1238,apm,Mescalero-Chiricahua Apache,,33.1291,-105.566,varikin,Chiricahua_mesc1238.txt,NA,,NA,Varikin
v_chokwechok1245,Chokwe_chok1245,chok1245,cjk,Chokwe,Atlantic-Congo,-9.66082,21.3992,varikin,Chokwe_chok1245.txt,NA,,NA,Varikin
v_coastalyukiyuki1243b,Coastal_Yuki_yuki1243b,yuki1243,yuk,Northern Yukian,,39.8389,-123.296,varikin,Coastal_Yuki_yuki1243b.txt,NA,,NA,Varikin
v_cocopacoco1261,Cocopa_coco1261,coco1261,coc,Cocopa,,32.376,-114.848,varikin,Cocopa_coco1261.txt,NA,,NA,Varikin
v_cofancofa1242,Cofan_cofa1242,cofa1242,con,Cofán,,0.276675,-77.0643,varikin,Cofan_cofa1242.txt,NA,,NA,Varikin
v_colloquialmalaymala1479,Colloquial_Malay_mala1479,mala1479,zlm,Colloquial Malay,Austronesian,1.85856,103,varikin,Colloquial_Malay_mala1479.txt,NA,,NA,Varikin
v_coloradouteutee1244a,Colorado_Ute_utee1244a,utee1244,,Ute,Uto-Aztecan,38,-109,varikin,Colorado_Ute_utee1244a.txt,NA,,NA,Varikin
v_comanchecoma1245,Comanche_coma1245,coma1245,com,Comanche,Uto-Aztecan,34,-101,varikin,Comanche_coma1245.txt,NA,,NA,Varikin
v_coraelna1235,Cora_elna1235,elna1235,crn,El Nayar Cora,Uto-Aztecan,22.4099,-104.467,varikin,Cora_elna1235.txt,NA,,NA,Varikin
v_cornishcorn1251,Cornish_corn1251,corn1251,cor,Cornish,Indo-European,50.5233,-4.18619,varikin,Cornish_corn1251.txt,NA,,NA,Varikin
v_cruzenocruz1243,Cruzeño_cruz1243,cruz1243,crz,Cruzeño,,34.0465,-119.864,varikin,Cruzeño_cruz1243.txt,NA,,NA,Varikin
v_cubeocube1242,Cubeo_cube1242,cube1242,cub,Cubeo,,1.32382,-70.1939,varikin,Cubeo_cube1242.txt,NA,,NA,Varikin
v_cupenocupe1243,Cupeño_cupe1243,cupe1243,cup,Cupeño,Uto-Aztecan,33.3148,-116.515,varikin,Cupeño_cupe1243.txt,NA,,NA,Varikin
v_cuscoquechuacusc1236,Cusco_Quechua_cusc1236,cusc1236,quz,Cusco Quechua,,-14.0853,-71.7663,varikin,Cusco_Quechua_cusc1236.txt,NA,,NA,Varikin
v_czechczec1258,Czech_czec1258,czec1258,ces,Czech,Indo-European,49.873398,15.10437,varikin,Czech_czec1258.txt,NA,,NA,Varikin
v_dandamimariadand1238,Dandami_Maria_dand1238,dand1238,daq,Dandami Maria,Dravidian,18.7475,81.3598,varikin,Dandami_Maria_dand1238.txt,NA,,NA,Varikin
v_danishdani1285,Danish_dani1285,dani1285,dan,Danish,Indo-European,54.8655,9.36284,varikin,Danish_dani1285.txt,NA,,NA,Varikin
v_dargwachiragchir1284,Dargwa_Chirag__chir1284,chir1284,,Chirag,Nakh-Daghestanian,41.869481,47.41111,varikin,Dargwa_Chirag__chir1284.txt,NA,,NA,Varikin
v_dargwaitsariitsa1239,Dargwa_Itsari__itsa1239,icar1234,,Icari,Nakh-Daghestanian,,,varikin,Dargwa_Itsari__itsa1239.txt,NA,,NA,Varikin
v_daridari1249,Dari_dari1249,dari1249,prs,Dari,Indo-European,31.0405,67.3593,varikin,Dari_dari1249.txt,NA,,NA,Varikin
v_degexitandege1248,Degexit_an_dege1248,dege1248,ing,Degexit'an,,62.0697,-160.044,varikin,Degexit_an_dege1248.txt,NA,,NA,Varikin
v_delinenort2942,Délįne_nort2942,nort2942,scs,North Slavey,,63.2671,-123.641,varikin,Délįne_nort2942.txt,NA,,NA,Varikin
v_denesulinechip1261,Dene_Suliné_chip1261,chip1261,chp,Chipewyan,,58.98,-104.44,varikin,Dene_Suliné_chip1261.txt,NA,,NA,Varikin
v_denethasouthslaveysout2959,DeneTha_South_Slavey__sout2959,sout2959,xsl,South Slavey,,59.8794,-117.047,varikin,DeneTha_South_Slavey__sout2959.txt,NA,,NA,Varikin
v_dharumbaldhar1248,Dharumbal_dhar1248,dhar1248,xgm,Dharumbal,Pama-Nyungan,-23.307,150.593,varikin,Dharumbal_dhar1248.txt,NA,,NA,Varikin
v_dhuwaldhuw1249,Dhuwal_dhuw1249,dhuw1249,duj,Dhuwal,Pama-Nyungan,-12.7825,136.008,varikin,Dhuwal_dhuw1249.txt,NA,,NA,Varikin
v_digodigo1243,Digo_digo1243,digo1243,dig,Digo,Atlantic-Congo,-4.62101,39.1752,varikin,Digo_digo1243.txt,NA,,NA,Varikin
v_dingding1239,Ding_ding1239,ding1239,diz,Ding,Atlantic-Congo,-4.44304,19.3881,varikin,Ding_ding1239.txt,NA,,NA,Varikin
v_diyaridier1241,Diyari_dier1241,dier1241,dif,Dieri,Pama-Nyungan,-28.1667,138,varikin,Diyari_dier1241.txt,NA,,NA,Varikin
v_djambarrpuyngudjam1256,Djambarrpuyngu_djam1256,djam1256,djr,Djambarrpuyngu,Pama-Nyungan,-12.021,135.59,varikin,Djambarrpuyngu_djam1256.txt,NA,,NA,Varikin
v_djinangdjin1253,Djinang_djin1253,djin1253,dji,Djinang,Pama-Nyungan,-12.462,134.82,varikin,Djinang_djin1253.txt,NA,,NA,Varikin
v_dogribdogr1252,Dogrib_dogr1252,dogr1252,dgr,Dogrib,,62.3823,-114.193,varikin,Dogrib_dogr1252.txt,NA,,NA,Varikin
v_dualadual1243,Duala_dual1243,dual1243,dua,Duala,Atlantic-Congo,4.10208,9.61877,varikin,Duala_dual1243.txt,NA,,NA,Varikin
v_dumaduma1253,Duma_duma1253,duma1253,dma,Duma,Atlantic-Congo,-0.91927,13.0046,varikin,Duma_duma1253.txt,NA,,NA,Varikin
v_dutchdutc1256,Dutch_dutc1256,dutc1256,nld,Dutch,Indo-European,52,5,varikin,Dutch_dutc1256.txt,NA,,NA,Varikin
v_dyirbaldyir1250,Dyirbal_dyir1250,dyir1250,dbl,Dyirbal,Pama-Nyungan,-17.4516,145.544,varikin,Dyirbal_dyir1250.txt,NA,,NA,Varikin
v_easterislandersrapa1244,Easter_Islanders_rapa1244,rapa1244,rap,Rapanui,Austronesian,-27.113,-109.342,varikin,Easter_Islanders_rapa1244.txt,NA,,NA,Varikin
v_easternarmenianeast2283,Eastern_Armenian_east2283,nucl1235,hye,Eastern Armenian,Indo-European,40,45,varikin,Eastern_Armenian_east2283.txt,NA,,NA,Varikin
v_easternpaharinepalieast1436,Eastern_Pahari_Nepali__east1436,east1436,nep,Eastern Pahari,Indo-European,27.59470333,87.62008333,varikin,Eastern_Pahari_Nepali__east1436.txt,NA,,NA,Varikin
v_easternyiddisheast2295,Eastern_Yiddish_east2295,east2295,ydd,Eastern Yiddish,Indo-European,51.75,19.42,varikin,Eastern_Yiddish_east2295.txt,NA,,NA,Varikin
v_ekondamongoekon1238,Ekonda_Mongo_ekon1238,ekon1238,,Ekonda Mongo,Atlantic-Congo,,,varikin,Ekonda_Mongo_ekon1238.txt,NA,,NA,Varikin
v_elamiteelam1244,Elamite_elam1244,elam1244,elx,Elamite,,31.1833,48.2333,varikin,Elamite_elam1244.txt,NA,,NA,Varikin
v_ellicetuva1244,Ellice_tuva1244,tuva1244,tvl,Tuvalu,Austronesian,-8.520813,179.198088,varikin,Ellice_tuva1244.txt,NA,,NA,Varikin
v_epenaepen1239,Epena_epen1239,epen1239,sja,Epena,,4.25877,-77.3566,varikin,Epena_epen1239.txt,NA,,NA,Varikin
v_erzyaerzy1239,Erzya_erzy1239,erzy1239,myv,Erzya,Uralic,52.8548,45.3901,varikin,Erzya_erzy1239.txt,NA,,NA,Varikin
v_estonianesto1258,Estonian_esto1258,esto1258,ekk,Estonian,Uralic,58.55,25.82,varikin,Estonian_esto1258.txt,NA,,NA,Varikin
v_eudeveeude1234,Eudeve_eude1234,eude1234,,Eudeve,Uto-Aztecan,28.5,-110,varikin,Eudeve_eude1234.txt,NA,,NA,Varikin
v_eyakeyak1241,Eyak_eyak1241,eyak1241,eya,Eyak,,60.4232,-144.762,varikin,Eyak_eyak1241.txt,NA,,NA,Varikin
v_fangegfang1246,Fang_EG_fang1246,fang1246,fan,Fang (Equatorial Guinea),Atlantic-Congo,1.723965,11.61454,varikin,Fang_EG_fang1246.txt,NA,,NA,Varikin
v_fefefefe1239,Fefe_fefe1239,fefe1239,fmp,Fe'fe',Atlantic-Congo,5.18158,10.1442,varikin,Fefe_fefe1239.txt,NA,,NA,Varikin
v_finnicfinn1318,Finnic_finn1318,finn1318,fin,Finnish,Uralic,64.7628,25.5577,varikin,Finnic_finn1318.txt,NA,,NA,Varikin
v_fipafipa1238,Fipa_fipa1238,fipa1238,fip,Fipa,Atlantic-Congo,-7.88963,31.3442,varikin,Fipa_fipa1238.txt,NA,,NA,Varikin
v_flindersislandflin1247,FlindersIsland_flin1247,flin1247,fln,Flinders Island,Pama-Nyungan,-14.1812,144.259,varikin,FlindersIsland_flin1247.txt,NA,,NA,Varikin
v_frisianfris1239,Frisian_fris1239,fris1239,,Frisian,Indo-European,,,varikin,Frisian_fris1239.txt,NA,,NA,Varikin
v_futunanseast2447,Futunans_east2447,east2447,fud,East Futuna,Austronesian,-14.278717,-178.137222,varikin,Futunans_east2447.txt,NA,,NA,Varikin
v_gabrielinotong1329,Gabrielino_tong1329,tong1329,xgf,Tongva,Uto-Aztecan,34.1,-118.11,varikin,Gabrielino_tong1329.txt,NA,,NA,Varikin
v_gandagand1255,Ganda_gand1255,gand1255,lug,Ganda,Atlantic-Congo,0.66884,32.15153,varikin,Ganda_gand1255.txt,NA,,NA,Varikin
v_giryamagiry1241,Giryama_giry1241,giry1241,nyf,Giryama,Atlantic-Congo,-3.30638,39.6648,varikin,Giryama_giry1241.txt,NA,,NA,Varikin
v_godoberighod1238,Godoberi_ghod1238,ghod1238,gdo,Godoberi,Nakh-Daghestanian,42.7428,46.2252,varikin,Godoberi_ghod1238.txt,NA,,NA,Varikin
v_gogogogo1263,Gogo_gogo1263,gogo1263,gog,Gogo,Atlantic-Congo,-6.35951,35.4807,varikin,Gogo_gogo1263.txt,NA,,NA,Varikin
v_gondigond1265,Gondi_gond1265,gond1265,,Gondi,Dravidian,,,varikin,Gondi_gond1265.txt,NA,,NA,Varikin
v_gothicgoth1244,Gothic_goth1244,goth1244,got,Gothic,Indo-European,46.9304,29.9786,varikin,Gothic_goth1244.txt,NA,,NA,Varikin
v_guarijiohuar1255,Guarijio_huar1255,huar1255,var,Huarijio,Uto-Aztecan,27.8685,-108.437,varikin,Guarijio_huar1255.txt,NA,,NA,Varikin
v_gujaratiguja1252,Gujarati_guja1252,guja1252,guj,Gujarati,Indo-European,22.687,71.0962,varikin,Gujarati_guja1252.txt,NA,,NA,Varikin
v_gumatjguma1253,Gumatj_guma1253,guma1253,gnn,Gumatj,Pama-Nyungan,-12.25254,136.83042,varikin,Gumatj_guma1253.txt,NA,,NA,Varikin
v_gumbaynggirkumb1268,Gumbaynggir_kumb1268,kumb1268,kgs,Kumbainggar,Pama-Nyungan,-29.8189,152.913,varikin,Gumbaynggir_kumb1268.txt,NA,,NA,Varikin
v_gununakunepuel1244,Gününa_Küne_puel1244,puel1244,pue,Puelche,,-42.223,-68.666,varikin,Gününa_Küne_puel1244.txt,NA,,NA,Varikin
v_gunyaguny1241,Gunya_guny1241,guny1241,gyy,Gunya,Pama-Nyungan,-27.0642,145.862,varikin,Gunya_guny1241.txt,NA,,NA,Varikin
v_gupapuyngugupa1247,Gupapuyngu_gupa1247,gupa1247,guf,Gupapuyngu,Pama-Nyungan,-12.2868,135.337,varikin,Gupapuyngu_gupa1247.txt,NA,,NA,Varikin
v_gurindjiguri1247,Gurindji_guri1247,guri1247,gue,Gurindji,Pama-Nyungan,-17.0329,130.379,varikin,Gurindji_guri1247.txt,NA,,NA,Varikin
v_gusiigusi1247,Gusii_gusi1247,gusi1247,guz,Gusii,Atlantic-Congo,-0.78872,34.76751,varikin,Gusii_gusi1247.txt,NA,,NA,Varikin
v_guuguyimidhirrgugu1255,Guugu_Yimidhirr_gugu1255,gugu1255,kky,Guugu Yimidhirr,Pama-Nyungan,-14.9424,144.831,varikin,Guugu_Yimidhirr_gugu1255.txt,NA,,NA,Varikin
v_hahaaa1252,Ha_haaa1252,haaa1252,haq,Ha,Atlantic-Congo,-3.77873,30.4894,varikin,Ha_haaa1252.txt,NA,,NA,Varikin
v_hausahaus1257,Hausa_haus1257,haus1257,hau,Hausa,Afro-Asiatic,11.1513,8.7804,varikin,Hausa_haus1257.txt,NA,,NA,Varikin
v_hawaiianshawa1245,Hawaiians_hawa1245,hawa1245,haw,Hawaiian,Austronesian,19.6297,-155.43,varikin,Hawaiians_hawa1245.txt,NA,,NA,Varikin
v_hayahaya1250,Haya_haya1250,haya1250,hay,Haya,Atlantic-Congo,-1.70878,31.4846,varikin,Haya_haya1250.txt,NA,,NA,Varikin
v_hehehehe1240,Hehe_hehe1240,hehe1240,heh,Hehe,Atlantic-Congo,-7.71572,35.7255,varikin,Hehe_hehe1240.txt,NA,,NA,Varikin
v_hererohere1253,Herero_here1253,here1253,her,Herero,Atlantic-Congo,-21.0231,20.5655,varikin,Herero_here1253.txt,NA,,NA,Varikin
v_highlandpueblanahuatlhigh1278,Highland_Puebla_Nahuatl_high1278,high1278,azz,Highland Puebla Nahuatl,Uto-Aztecan,20.1554,-97.5556,varikin,Highland_Puebla_Nahuatl_high1278.txt,NA,,NA,Varikin
v_hindihind1269,Hindi_hind1269,hind1269,hin,Hindi,Indo-European,25,77,varikin,Hindi_hind1269.txt,NA,,NA,Varikin
v_hinuqhinu1240,Hinuq_hinu1240,hinu1240,gin,Hinuq,Nakh-Daghestanian,42.4502,45.8064,varikin,Hinuq_hinu1240.txt,NA,,NA,Varikin
v_hittitehitt1242,Hittite_hitt1242,hitt1242,hit,Hittite,Indo-European,40,35,varikin,Hittite_hitt1242.txt,NA,,NA,Varikin
v_hopihopi1249,Hopi_hopi1249,hopi1249,hop,Hopi,Uto-Aztecan,35.7653,-110.535,varikin,Hopi_hopi1249.txt,NA,,NA,Varikin
v_hopishopi1249b,Hopi_S__hopi1249b,hopi1249,hop,Hopi,Uto-Aztecan,35.7653,-110.535,varikin,Hopi_S__hopi1249b.txt,NA,,NA,Varikin
v_hotiyuwanayuwa1244,Hoti_Yuwana__yuwa1244,yuwa1244,yau,Hoti,,5.63879,-65.4267,varikin,Hoti_Yuwana__yuwa1244.txt,NA,,NA,Varikin
v_huastecnahuatlhuas1257,Huastec_Nahuatl_huas1257,huas1257,,Huasteca Nahuatl,Uto-Aztecan,,,varikin,Huastec_Nahuatl_huas1257.txt,NA,,NA,Varikin
v_huicholhuic1243,Huichol_huic1243,huic1243,hch,Huichol,Uto-Aztecan,21.954,-104.062,varikin,Huichol_huic1243.txt,NA,,NA,Varikin
v_hunzibhunz1247,Hunzib_hunz1247,hunz1247,huz,Hunzib,Nakh-Daghestanian,42.0808,46.1369,varikin,Hunzib_hunz1247.txt,NA,,NA,Varikin
v_hupahupa1239,Hupa_hupa1239,hupa1239,hup,Hupa-Chilula,,41.0982,-123.68,varikin,Hupa_hupa1239.txt,NA,,NA,Varikin
v_icelandicicel1247,Icelandic_icel1247,icel1247,isl,Icelandic,Indo-European,63.4837,-19.0212,varikin,Icelandic_icel1247.txt,NA,,NA,Varikin
v_ifaluknuclearwoleaiannucl1479,Ifaluk_Nuclear_Woleaian__nucl1479,nucl1479,,Nuclear Woleaian,Austronesian,,,varikin,Ifaluk_Nuclear_Woleaian__nucl1479.txt,NA,,NA,Varikin
v_igbonucl1417,Igbo_nucl1417,nucl1417,ibo,Igbo,Atlantic-Congo,4.62705,7.23441,varikin,Igbo_nucl1417.txt,NA,,NA,Varikin
v_ignacianoigna1246,Ignaciano_igna1246,igna1246,ign,Ignaciano,Arawakan,-15.1188,-65.3993,varikin,Ignaciano_igna1246.txt,NA,,NA,Varikin
v_ingrianingr1248,Ingrian_ingr1248,ingr1248,izh,Ingrian,Uralic,59.47403,29.71145,varikin,Ingrian_ingr1248.txt,NA,,NA,Varikin
v_ingushingu1240,Ingush_ingu1240,ingu1240,inh,Ingush,Nakh-Daghestanian,43.11,45.03,varikin,Ingush_ingu1240.txt,NA,,NA,Varikin
v_inxokvariinxo1238,Inxokvari_inxo1238,inxo1238,,Inxokvari,Nakh-Daghestanian,,,varikin,Inxokvari_inxo1238.txt,NA,,NA,Varikin
v_irishiris1253,Irish_iris1253,iris1253,gle,Irish,Indo-European,53.2186,-7.61509,varikin,Irish_iris1253.txt,NA,,NA,Varikin
v_italianital1282,Italian_ital1282,ital1282,ita,Italian,Indo-European,43.0464,12.6489,varikin,Italian_ital1282.txt,NA,,NA,Varikin
v_itonamaiton1250,Itonama_iton1250,iton1250,ito,Itonama,,-12.80431,-64.35748,varikin,Itonama_iton1250.txt,NA,,NA,Varikin
v_iyojwajachoroteiyoj1235,Iyojwa_ja_Chorote_iyoj1235,iyoj1235,crt,Iyojwa'ja Chorote,,-22.1896,-63.2383,varikin,Iyojwa_ja_Chorote_iyoj1235.txt,NA,,NA,Varikin
v_jamaicancreolejama1262,Jamaican_Creole_jama1262,jama1262,jam,Jamaican Creole English,Indo-European,18.13,-77.2612,varikin,Jamaican_Creole_jama1262.txt,NA,,NA,Varikin
v_japanesenucl1643,Japanese_nucl1643,nucl1643,jpn,Japanese,,35,135,varikin,Japanese_nucl1643.txt,NA,,NA,Varikin
v_jarujaru1254,Jaru_jaru1254,jaru1254,ddj,Jaru,Pama-Nyungan,-18.3288,128.262,varikin,Jaru_jaru1254.txt,NA,,NA,Varikin
v_jicarillajica1244,Jicarilla_jica1244,jica1244,apj,Jicarilla Apache,,36.8079,-107.007,varikin,Jicarilla_jica1244.txt,NA,,NA,Varikin
v_judeotatjude1256,Judeo_Tat_jude1256,jude1256,jdt,Judeo-Tat,Indo-European,42.068306,48.264749,varikin,Judeo_Tat_jude1256.txt,NA,,NA,Varikin
v_kadarkada1242,Kadar_kada1242,kada1242,kej,Kadar,Dravidian,11.0602,76.7285,varikin,Kadar_kada1242.txt,NA,,NA,Varikin
v_kagulukagu1239,Kagulu_kagu1239,kagu1239,kki,Kagulu,Atlantic-Congo,-6.38204,37.0534,varikin,Kagulu_kagu1239.txt,NA,,NA,Varikin
v_kalkatungukalk1246,Kalkatungu_kalk1246,kalk1246,ktg,Kalkutung,Pama-Nyungan,-21,139.5,varikin,Kalkatungu_kalk1246.txt,NA,,NA,Varikin
v_kamayurakama1373,Kamayurá_kama1373,kama1373,kay,Kamayurá,Tupian,-12.2661,-53.4651,varikin,Kamayurá_kama1373.txt,NA,,NA,Varikin
v_kambakamb1297,Kamba_kamb1297,kamb1297,kam,Kamba (Kenya),Atlantic-Congo,-1.60827,37.9532,varikin,Kamba_kamb1297.txt,NA,,NA,Varikin
v_kankanaynort2877,Kankanay_nort2877,nort2877,xnn,Northern Kankanay,Austronesian,17.1057,120.786,varikin,Kankanay_nort2877.txt,NA,,NA,Varikin
v_kaondekaon1241,Kaonde_kaon1241,kaon1241,kqn,Kaonde,Atlantic-Congo,-12.4129,25.7646,varikin,Kaonde_kaon1241.txt,NA,,NA,Varikin
v_kapingamarangikapi1249,Kapingamarangi_kapi1249,kapi1249,kpg,Kapingamarangi,Austronesian,1.039166,154.797223,varikin,Kapingamarangi_kapi1249.txt,NA,,NA,Varikin
v_karajarrikara1476,Karajarri_kara1476,kara1476,gbd,Karadjeri,Pama-Nyungan,-18.6771,122.334,varikin,Karajarri_kara1476.txt,NA,,NA,Varikin
v_kariyarrakari1304,Kariyarra_kari1304,kari1304,vka,Kariyarra,Pama-Nyungan,-20.445,118.613,varikin,Kariyarra_kari1304.txt,NA,,NA,Varikin
v_karokkaro1304,Karok_karo1304,karo1304,kyh,Karok,,41.8228,-123.315,varikin,Karok_karo1304.txt,NA,,NA,Varikin
v_kartujarrakart1247,Kartujarra_kart1247,kart1247,,Kartujarra,Pama-Nyungan,,,varikin,Kartujarra_kart1247.txt,NA,,NA,Varikin
v_karuwalikarr1236,Karuwali_karr1236,karr1236,rxw,Karruwali,Pama-Nyungan,,,varikin,Karuwali_karr1236.txt,NA,,NA,Varikin
v_kashmirikash1277,Kashmiri_kash1277,kash1277,kas,Kashmiri,Indo-European,34.166825,74.330455,varikin,Kashmiri_kash1277.txt,NA,,NA,Varikin
v_kaurnakaur1267,Kaurna_kaur1267,kaur1267,zku,Kaurna,Pama-Nyungan,-34.34966141,138.4800794,varikin,Kaurna_kaur1267.txt,NA,,NA,Varikin
v_kawaiisukawa1283,Kawaiisu_kawa1283,kawa1283,xaw,Kawaiisu,Uto-Aztecan,36.0538,-118.679,varikin,Kawaiisu_kawa1283.txt,NA,,NA,Varikin
v_kazakhkaza1248,Kazakh_kaza1248,kaza1248,kaz,Kazakh,Turkic,41.8729,65.7709,varikin,Kazakh_kaza1248.txt,NA,,NA,Varikin
v_kazymberezoversuryskarerkhantykhan1273,Kazym_Berezover_Suryskarer_Khanty_khan1273,khan1273,kca,Kazym-Berezover-Suryskarer Khanty,Uralic,62.4308,66.1218,varikin,Kazym_Berezover_Suryskarer_Khanty_khan1273.txt,NA,,NA,Varikin
v_kelekele1257,Kélé_kele1257,kele1257,keb,Kélé,Atlantic-Congo,-0.78854,10.3836,varikin,Kélé_kele1257.txt,NA,,NA,Varikin
v_kerewekere1283,Kerewe_kere1283,kere1283,ked,Kerewe,Atlantic-Congo,-2.09315,33.5326,varikin,Kerewe_kere1283.txt,NA,,NA,Varikin
v_ketkett1243,Ket_kett1243,kett1243,ket,Ket,,63.7551,87.5466,varikin,Ket_kett1243.txt,NA,,NA,Varikin
v_kikuyukiku1240,Kikuyu_kiku1240,kiku1240,kik,Kikuyu,Atlantic-Congo,-0.29005,36.719,varikin,Kikuyu_kiku1240.txt,NA,,NA,Varikin
v_kiowaapachekiow1264,Kiowa_Apache_kiow1264,kiow1264,apk,Kiowa Apache,,34.9077,-98.2461,varikin,Kiowa_Apache_kiow1264.txt,NA,,NA,Varikin
v_kitanemukserr1255b,Kitanemuk_serr1255b,serr1255,ser,Serrano,Uto-Aztecan,33.9479,-116.772,varikin,Kitanemuk_serr1255b.txt,NA,,NA,Varikin
v_kodavakoda1255,Kodava_koda1255,koda1255,kfa,Kodava,Dravidian,12.2443,75.9161,varikin,Kodava_koda1255.txt,NA,,NA,Varikin
v_kodikodi1247,Kodi_kodi1247,kodi1247,kod,Kodi-Gaura,Austronesian,-9.6373,119.114,varikin,Kodi_kodi1247.txt,NA,,NA,Varikin
v_komizyriankomi1268,Komi_Zyrian_komi1268,komi1268,kpv,Komi-Zyrian,Uralic,64.0527,54.946,varikin,Komi_Zyrian_komi1268.txt,NA,,NA,Varikin
v_komkomc1235,Kom_komc1235,komc1235,bkm,Kom (Cameroon),Atlantic-Congo,6.2596,10.3348,varikin,Kom_komc1235.txt,NA,,NA,Varikin
v_komodrckomo1260,Komo_DRC__komo1260,komo1260,kmw,Komo (Democratic Republic of Congo),Atlantic-Congo,-0.76333,26.7144,varikin,Komo_DRC__komo1260.txt,NA,,NA,Varikin
v_kotakota1274,Kota_kota1274,kota1274,koq,Kota (Gabon),Atlantic-Congo,1.016,13.97,varikin,Kota_kota1274.txt,NA,,NA,Varikin
v_koyakoya1251,Koya_koya1251,koya1251,kff,Koya,Dravidian,17.6772,81.2096,varikin,Koya_koya1251.txt,NA,,NA,Varikin
v_kuikuii1252,Kui_kuii1252,kuii1252,kxu,Kui (India),Dravidian,19.2043,83.5859,varikin,Kui_kuii1252.txt,NA,,NA,Varikin
v_kukatjakuka1246,Kukatja_kuka1246,kuka1246,kux,Kukatja,Pama-Nyungan,-20.3321,127.666,varikin,Kukatja_kuka1246.txt,NA,,NA,Varikin
v_kukuyalanjikuku1273,KukuYalanji_kuku1273,kuku1273,gvn,Kuku-Yalanji,Pama-Nyungan,-16.0036,145.188,varikin,KukuYalanji_kuku1273.txt,NA,,NA,Varikin
v_kumykkumy1244,Kumyk_kumy1244,kumy1244,kum,Kumyk,Turkic,43,47,varikin,Kumyk_kumy1244.txt,NA,,NA,Varikin
v_kunzakunz1244,Kunza_kunz1244,kunz1244,kuz,Kunza,,-23,-69,varikin,Kunza_kunz1244.txt,NA,,NA,Varikin
v_kurukhkuru1302,Kurukh_kuru1302,kuru1302,kru,Kurukh,Dravidian,24.4644,86.4657,varikin,Kurukh_kuru1302.txt,NA,,NA,Varikin
v_kuvikuvi1243,Kuvi_kuvi1243,kuvi1243,kxv,Kuvi,Dravidian,18.8832,83.7552,varikin,Kuvi_kuvi1243.txt,NA,,NA,Varikin
v_kwasiokwas1243,Kwasio_kwas1243,kwas1243,nmg,Kwasio,Atlantic-Congo,2.39354,10.0812,varikin,Kwasio_kwas1243.txt,NA,,NA,Varikin
v_kwerekwer1261,Kwere_kwer1261,kwer1261,cwe,Kwere,Atlantic-Congo,-6.50666,38.4449,varikin,Kwere_kwer1261.txt,NA,,NA,Varikin
v_lahndalahn1241,Lahnda_lahn1241,lahn1241,,Lahnda,Indo-European,,,varikin,Lahnda_lahn1241.txt,NA,,NA,Varikin
v_lakemiwoklake1258,Lake_Miwok_lake1258,lake1258,lmw,Lake Miwok,,39.0021,-122.621,varikin,Lake_Miwok_lake1258.txt,NA,,NA,Varikin
v_lalabisalala1264,Lala_Bisa_lala1264,lala1264,leb,Lala-Bisa,Atlantic-Congo,-12.945,30.2297,varikin,Lala_Bisa_lala1264.txt,NA,,NA,Varikin
v_lambalamb1271,Lamba_lamb1271,lamb1271,lam,Lamba,Atlantic-Congo,-12.3366,27.9026,varikin,Lamba_lamb1271.txt,NA,,NA,Varikin
v_langilang1320,Langi_lang1320,lang1320,lag,Langi,Atlantic-Congo,-4.71413,35.9517,varikin,Langi_lang1320.txt,NA,,NA,Varikin
v_latinlati1261,Latin_lati1261,lati1261,lat,Latin,Indo-European,41.9026,12.4502,varikin,Latin_lati1261.txt,NA,,NA,Varikin
v_latvianlatv1249,Latvian_latv1249,latv1249,lav,Latvian,Indo-European,56.826108,24.309118,varikin,Latvian_latv1249.txt,NA,,NA,Varikin
v_laufijianlaua1243,Lau_Fijian_laua1243,laua1243,llx,Lauan,Austronesian,-18.2131,-178.785,varikin,Lau_Fijian_laua1243.txt,NA,,NA,Varikin
v_lengualeng1262,Lengua_leng1262,leng1262,,Lengua,,-22.6559,-58.9053,varikin,Lengua_leng1262.txt,NA,,NA,Varikin
v_lingalaling1263,Lingala_ling1263,ling1263,lin,Kinshasa Lingala,Atlantic-Congo,-4.409174,15.28532,varikin,Lingala_ling1263.txt,NA,,NA,Varikin
v_lipanapachelipa1241,Lipan_Apache_lipa1241,lipa1241,apl,Lipan Apache,,33.2748,-105.819,varikin,Lipan_Apache_lipa1241.txt,NA,,NA,Varikin
v_lithuanianlith1251,Lithuanian_lith1251,lith1251,lit,Lithuanian,Indo-European,55.1429,23.9601,varikin,Lithuanian_lith1251.txt,NA,,NA,Varikin
v_lowerpimapimabajopima1248,Lower_Pima_Pima_Bajo_pima1248,pima1248,pia,Pima Bajo,Uto-Aztecan,28.654,-108.326,varikin,Lower_Pima_Pima_Bajo_pima1248.txt,NA,,NA,Varikin
v_lozilozi1239,Lozi_lozi1239,lozi1239,loz,Lozi,Atlantic-Congo,-17.7052,24.7398,varikin,Lozi_lozi1239.txt,NA,,NA,Varikin
v_lubakatangaluba1250,Luba_Katanga_luba1250,luba1250,lub,Luba-Katanga,Atlantic-Congo,-8.2816,25.8918,varikin,Luba_Katanga_luba1250.txt,NA,,NA,Varikin
v_lubalulualuba1249,Luba_Lulua_luba1249,luba1249,lua,Luba-Lulua,Atlantic-Congo,-5.72717,22.4422,varikin,Luba_Lulua_luba1249.txt,NA,,NA,Varikin
v_lubuagankalingalubu1243,Lubuagan_Kalinga_lubu1243,lubu1243,knb,Lubuagan Kalinga,Austronesian,17.3879,121.0365,varikin,Lubuagan_Kalinga_lubu1243.txt,NA,,NA,Varikin
v_lugurulugu1238,Luguru_lugu1238,lugu1238,ruf,Luguru,Atlantic-Congo,-6.86828,37.5557,varikin,Luguru_lugu1238.txt,NA,,NA,Varikin
v_luisenoluis1253,Luiseńo_luis1253,luis1253,lui,Luiseno-Juaneño,Uto-Aztecan,33.3184,-116.939,varikin,Luiseńo_luis1253.txt,NA,,NA,Varikin
v_lundalund1266,Lunda_lund1266,lund1266,lun,Lunda,Atlantic-Congo,-11.1793,23.8662,varikin,Lunda_lund1266.txt,NA,,NA,Varikin
v_luvaleluva1239,Luvale_luva1239,luva1239,lue,Luvale,Atlantic-Congo,-13.5382,22.2924,varikin,Luvale_luva1239.txt,NA,,NA,Varikin
v_luxembourgishluxe1241,Luxembourgish_luxe1241,luxe1241,ltz,Moselle Franconian,Indo-European,49.6839,6.14931,varikin,Luxembourgish_luxe1241.txt,NA,,NA,Varikin
v_macamaca1260,Maca_maca1260,maca1260,mca,Maca,,-25.0119,-57.3694,varikin,Maca_maca1260.txt,NA,,NA,Varikin
v_macedonianmace1250,Macedonian_mace1250,mace1250,mkd,Macedonian,Indo-European,41.5957,21.7932,varikin,Macedonian_mace1250.txt,NA,,NA,Varikin
v_magyarhung1274,Magyar_hung1274,hung1274,hun,Hungarian,Uralic,46.90685857,19.65552714,varikin,Magyar_hung1274.txt,NA,,NA,Varikin
v_mahasupaharimaha1287,Mahasu_Pahari_maha1287,maha1287,bfz,Mahasu Pahari,Indo-European,31.0088,77.5317,varikin,Mahasu_Pahari_maha1287.txt,NA,,NA,Varikin
v_maithilimait1250,Maithili_mait1250,mait1250,mai,Maithili,Indo-European,26.3817,86.2211,varikin,Maithili_mait1250.txt,NA,,NA,Varikin
v_makondemako1251,Makonde_mako1251,mako1251,kde,Makonde,Atlantic-Congo,-10.9906,39.5133,varikin,Makonde_mako1251.txt,NA,,NA,Varikin
v_malapandarammala1468,Malapandaram_mala1468,mala1468,mjp,Malapandaram,Dravidian,8.59225,77.272,varikin,Malapandaram_mala1468.txt,NA,,NA,Varikin
v_malayalammala1464,Malayalam_mala1464,mala1464,mal,Malayalam,Dravidian,9.59208,76.7651,varikin,Malayalam_mala1464.txt,NA,,NA,Varikin
v_malganamalg1242,Malgana_malg1242,malg1242,vml,Malgana,Pama-Nyungan,-26.211,114.245,varikin,Malgana_malg1242.txt,NA,,NA,Varikin
v_mangarevansmang1401,Mangarevans_mang1401,mang1401,mrv,Mangareva,Austronesian,-23.1095,-134.97,varikin,Mangarevans_mang1401.txt,NA,,NA,Varikin
v_mansimans1258,Mansi_mans1258,mans1258,mns,Northern Mansi,Uralic,64.4118,61.344,varikin,Mansi_mans1258.txt,NA,,NA,Varikin
v_maorimaor1246,Māori_maor1246,maor1246,mri,Māori,Austronesian,-38.2881,176.541,varikin,Māori_maor1246.txt,NA,,NA,Varikin
v_mapudungunmapu1245,Mapudungun_mapu1245,mapu1245,arn,Mapudungun,,-38.7392,-71.277,varikin,Mapudungun_mapu1245.txt,NA,,NA,Varikin
v_marathimara1378,Marathi_mara1378,mara1378,mar,Marathi,Indo-European,17.9344,76.6665,varikin,Marathi_mara1378.txt,NA,,NA,Varikin
v_marganymarg1253,Margany_marg1253,marg1253,zmc,Margany,Pama-Nyungan,-26.789,144.892,varikin,Margany_marg1253.txt,NA,,NA,Varikin
v_marieast2328,Mari_east2328,east2328,mhr,Eastern Mari,Uralic,55.8307,48.405,varikin,Mari_east2328.txt,NA,,NA,Varikin
v_martuwangkamart1256,MartuWangka_mart1256,mart1256,mpj,Martu Wangka,Pama-Nyungan,-23.35091166,123.6684224,varikin,MartuWangka_mart1256.txt,NA,,NA,Varikin
v_marwariindiamarw1260,Marwari_India__marw1260,marw1260,rwr,Marwari (India),Indo-European,27.002,75.0656,varikin,Marwari_India__marw1260.txt,NA,,NA,Varikin
v_masaabamasa1299,Masaaba_masa1299,masa1299,myx,Masaaba,Atlantic-Congo,1.05906,34.2829,varikin,Masaaba_masa1299.txt,NA,,NA,Varikin
v_mashcopiromash1270,Mashco_Piro_mash1270,mash1270,cuj,Mashco Piro,Arawakan,-11.4745,-70.7953,varikin,Mashco_Piro_mash1270.txt,NA,,NA,Varikin
v_mattolematt1238,Mattole_matt1238,matt1238,mvb,Mattole-Bear River,,40.4321,-122.863,varikin,Mattole_matt1238.txt,NA,,NA,Varikin
v_mayomayo1264,Mayo_mayo1264,mayo1264,mfy,Mayo,Uto-Aztecan,26.4522,-108.981,varikin,Mayo_mayo1264.txt,NA,,NA,Varikin
v_mbalambal1257,Mbala_mbal1257,mbal1257,mdp,Mbala,Atlantic-Congo,-5.11888,18.041,varikin,Mbala_mbal1257.txt,NA,,NA,Varikin
v_mberember1257,Mbere_mber1257,mber1257,mdt,Mbere,Atlantic-Congo,-0.477445,14.2877,varikin,Mbere_mber1257.txt,NA,,NA,Varikin
v_mbuunmpuo1241,Mbuun_mpuo1241,mpuo1241,zmp,Mbuun,Atlantic-Congo,-5.21134,19.4269,varikin,Mbuun_mpuo1241.txt,NA,,NA,Varikin
v_mekeomeke1243,Mekeo_meke1243,meke1243,mek,Mekeo,Austronesian,-8.23853,146.586,varikin,Mekeo_meke1243.txt,NA,,NA,Varikin
v_merumeru1245,Meru_meru1245,meru1245,mer,Meru,Atlantic-Congo,0.26484,37.7396,varikin,Meru_meru1245.txt,NA,,NA,Varikin
v_metameta1238,Meta_meta1238,meta1238,mgo,Meta',Atlantic-Congo,5.88942,9.87416,varikin,Meta_meta1238.txt,NA,,NA,Varikin
v_middleenglishmidd1317,Middle_English_midd1317,midd1317,enm,Middle English,Indo-European,51.65,-1.11,varikin,Middle_English_midd1317.txt,NA,,NA,Varikin
v_middlehighgermanmidd1343,Middle_High_German_midd1343,midd1343,gmh,Middle High German,Indo-European,48.254,10.599,varikin,Middle_High_German_midd1343.txt,NA,,NA,Varikin
v_midobmido1240,Midob_mido1240,mido1240,mei,Midob,,14.789,27.2236,varikin,Midob_mido1240.txt,NA,,NA,Varikin
v_mocovimoco1246,Mocoví_moco1246,moco1246,moc,Mocoví,,-28.097,-60.4145,varikin,Mocoví_moco1246.txt,NA,,NA,Varikin
v_moderngreekmode1248,Modern_Greek_mode1248,mode1248,ell,Modern Greek,Indo-European,38.36,23.13,varikin,Modern_Greek_mode1248.txt,NA,,NA,Varikin
v_modernwelshwels1247,Modern_Welsh_wels1247,wels1247,cym,Welsh,Indo-European,52,-4,varikin,Modern_Welsh_wels1247.txt,NA,,NA,Varikin
v_mokpwemokp1239,Mokpwe_mokp1239,mokp1239,bri,Mokpwe,Atlantic-Congo,4.24178,9.23887,varikin,Mokpwe_mokp1239.txt,NA,,NA,Varikin
v_mongomong1338,Mongo_mong1338,mong1338,lol,Mongo,Atlantic-Congo,-1.54228,20.4259,varikin,Mongo_mong1338.txt,NA,,NA,Varikin
v_monomono1275,Mono_mono1275,mono1275,mnr,Mono (USA),Uto-Aztecan,37.1935,-119.347,varikin,Mono_mono1275.txt,NA,,NA,Varikin
v_mosetenchimanemose1249,Mosetén_Chimané_mose1249,mose1249,cas,Mosetén-Chimané,,-14.64448,-67.83756,varikin,Mosetén_Chimané_mose1249.txt,NA,,NA,Varikin
v_movimamovi1243,Movima_movi1243,movi1243,mzp,Movima,,-13.8115,-65.6348,varikin,Movima_movi1243.txt,NA,,NA,Varikin
v_mudburramudb1240,Mudburra_mudb1240,mudb1240,mwd,Mudburra,Pama-Nyungan,-16.7694,132.329,varikin,Mudburra_mudb1240.txt,NA,,NA,Varikin
v_muiscachibchachib1270,Muisca_Chibcha__chib1270,chib1270,chb,Chibcha,,6.24999,-74.1666,varikin,Muisca_Chibcha__chib1270.txt,NA,,NA,Varikin
v_mungakamung1266,Mungaka_mung1266,mung1266,mhk,Mungaka,Atlantic-Congo,5.89752,10.0294,varikin,Mungaka_mung1266.txt,NA,,NA,Varikin
v_muruwarimuru1266,Muruwari_muru1266,muru1266,zmu,Muruwari,Pama-Nyungan,-28.9618,146.546,varikin,Muruwari_muru1266.txt,NA,,NA,Varikin
v_myenemyen1241,Myene_myen1241,myen1241,mye,Myene,Atlantic-Congo,-1.48741,9.50247,varikin,Myene_myen1241.txt,NA,,NA,Varikin
v_navajonava1243,Navajo_nava1243,nava1243,nav,Navajo,,36.2106,-110.082,varikin,Navajo_nava1243.txt,NA,,NA,Varikin
v_ndumundum1239,Ndumu_ndum1239,ndum1239,nmd,Ndumu,Atlantic-Congo,-1.67033,13.7279,varikin,Ndumu_ndum1239.txt,NA,,NA,Varikin
v_negerhollandsnege1244,Negerhollands_nege1244,nege1244,dcr,Negerhollands,Indo-European,18.3416,-64.8922,varikin,Negerhollands_nege1244.txt,NA,,NA,Varikin
v_nepalinepa1254,Nepali_nepa1254,nepa1254,npi,Nepali,Indo-European,28,85,varikin,Nepali_nepa1254.txt,NA,,NA,Varikin
v_nevomepima1248b,Nevome_pima1248b,pima1248,pia,Pima Bajo,Uto-Aztecan,28.654,-108.326,varikin,Nevome_pima1248b.txt,NA,,NA,Varikin
v_ngaanyatjarrangaa1240,Ngaanyatjarra_ngaa1240,ngaa1240,ntj,Ngaanyatjarra,Pama-Nyungan,-25.7514,127.602,varikin,Ngaanyatjarra_ngaa1240.txt,NA,,NA,Varikin
v_ngadjumayangad1258,Ngadjumaya_ngad1258,ngad1258,nju,Ngadjunmaya,Pama-Nyungan,-32.02447,124.46601,varikin,Ngadjumaya_ngad1258.txt,NA,,NA,Varikin
v_ngarinymanngar1235,Ngarinyman_ngar1235,ngar1235,nbj,Ngarinman,Pama-Nyungan,-15.4661,130.651,varikin,Ngarinyman_ngar1235.txt,NA,,NA,Varikin
v_ngarlangar1286,Ngarla_ngar1286,yinh1234,ywg,Yinhawangka,Pama-Nyungan,-22.9178,117.5628,varikin,Ngarla_ngar1286.txt,NA,,NA,Varikin
v_ngarlumangar1287,Ngarluma_ngar1287,ngar1287,nrl,Ngarluma,Pama-Nyungan,-20.9235,117.203,varikin,Ngarluma_ngar1287.txt,NA,,NA,Varikin
v_ngarrindjerinarr1259,Ngarrindjeri_narr1259,narr1259,nay,Narrinyeri,Pama-Nyungan,-36.2301,140.158,varikin,Ngarrindjeri_narr1259.txt,NA,,NA,Varikin
v_ngiyambaawang1291,Ngiyambaa_wang1291,wang1291,wyb,Ngiyambaa,Pama-Nyungan,-30.6481,146.18,varikin,Ngiyambaa_wang1291.txt,NA,,NA,Varikin
v_ngombebinjabinj1250,Ngombe_Binja_binj1250,binj1250,,Binja,Atlantic-Congo,,,varikin,Ngombe_Binja_binj1250.txt,NA,,NA,Varikin
v_ngoningon1269,Ngoni_ngon1269,ngon1269,ngo,Ngoni,Atlantic-Congo,-11.7794,37.4118,varikin,Ngoni_ngon1269.txt,NA,,NA,Varikin
v_ngulungul1246,Ngulu_ngul1246,ngul1246,ngp,Ngulu,Atlantic-Congo,-5.79734,37.6823,varikin,Ngulu_ngul1246.txt,NA,,NA,Varikin
v_nhantanhan1238,Nhanta_nhan1238,nhan1238,nha,Nhanda,Pama-Nyungan,-27.42523643,114.2680442,varikin,Nhanta_nhan1238.txt,NA,,NA,Varikin
v_ninamnina1238,Ninam_nina1238,nina1238,shb,Ninam,,4.03894,-62.7801,varikin,Ninam_nina1238.txt,NA,,NA,Varikin
v_niueansniue1239,Niueans_niue1239,niue1239,niu,Niuean,Austronesian,-19.06,-169.86,varikin,Niueans_niue1239.txt,NA,,NA,Varikin
v_nivacleniva1238,Nivacle_niva1238,niva1238,cag,Nivaclé,,-22.8557,-61.7606,varikin,Nivacle_niva1238.txt,NA,,NA,Varikin
v_njebinjeb1242,Njebi_njeb1242,njeb1242,nzb,Njebi,Atlantic-Congo,-2.18115,12.7063,varikin,Njebi_njeb1242.txt,NA,,NA,Varikin
v_nogainoga1249,Nogai_noga1249,noga1249,nog,Nogai,Turkic,43.5917,46.6618,varikin,Nogai_noga1249.txt,NA,,NA,Varikin
v_northazerbaijaninort2697,North_Azerbaijani_nort2697,nort2697,azj,North Azerbaijani,Turkic,40.9777,46.4737,varikin,North_Azerbaijani_nort2697.txt,NA,,NA,Varikin
v_northeasternmaidunort2952,Northeastern_Maidu_nort2952,nort2952,nmu,Northeast Maidu,,40.4102,-120.645,varikin,Northeastern_Maidu_nort2952.txt,NA,,NA,Varikin
v_northernemberanort2972,Northern_Embera_nort2972,nort2972,emp,Northern Emberá,,7.12761,-77.574,varikin,Northern_Embera_nort2972.txt,NA,,NA,Varikin
v_northerngondinort2702,Northern_Gondi_nort2702,nort2702,gno,Northern Gondi,Dravidian,18.1632,81.3842,varikin,Northern_Gondi_nort2702.txt,NA,,NA,Varikin
v_northernhaidanort2938,Northern_Haida_nort2938,nort2938,hdn,Northern Haida,,54.004532,-132.079257,varikin,Northern_Haida_nort2938.txt,NA,,NA,Varikin
v_northernkurdishnort2641,Northern_Kurdish_nort2641,nort2641,kmr,Northern Kurdish,Indo-European,37,43,varikin,Northern_Kurdish_nort2641.txt,NA,,NA,Varikin
v_northernpaiutenort2954,Northern_Paiute_nort2954,nort2954,pao,Northern Paiute,Uto-Aztecan,40.0799,-119.536,varikin,Northern_Paiute_nort2954.txt,NA,,NA,Varikin
v_northernpomonort2966,Northern_Pomo_nort2966,nort2966,pej,Northern Pomo,,39.1084,-123.209,varikin,Northern_Pomo_nort2966.txt,NA,,NA,Varikin
v_northernsaminort2671,Northern_Sami_nort2671,nort2671,sme,North Saami,Uralic,68.725,22.1113,varikin,Northern_Sami_nort2671.txt,NA,,NA,Varikin
v_northerntepehuannort2959,Northern_Tepehuan_nort2959,nort2959,ntp,Northern Tepehuan,Uto-Aztecan,26.4348,-107.379,varikin,Northern_Tepehuan_nort2959.txt,NA,,NA,Varikin
v_northmarquesannort2845,North_Marquesan_nort2845,nort2845,mrq,North Marquesan,Austronesian,-8.89412,-140.108,varikin,North_Marquesan_nort2845.txt,NA,,NA,Varikin
v_northnorthernpaiutenort1551,North_Northern_Paiute_nort1551,nort1551,,North Northern Paiute,Uto-Aztecan,,,varikin,North_Northern_Paiute_nort1551.txt,NA,,NA,Varikin
v_northwesternmaidunort2951,Northwestern_Maidu_nort2951,nort2951,mjd,Northwest Maidu,,39.6721,-121.368,varikin,Northwestern_Maidu_nort2951.txt,NA,,NA,Varikin
v_norwegianbokmalnorw1259,Norwegian_Bokmål_norw1259,norw1259,nob,Norwegian Bokmål,Indo-European,61.112,8.886,varikin,Norwegian_Bokmål_norw1259.txt,NA,,NA,Varikin
v_nsongsong1299,Nsong_song1299,song1299,soo,Nsong,Atlantic-Congo,-4.55057,18.4978,varikin,Nsong_song1299.txt,NA,,NA,Varikin
v_nuuchahnulthnuuc1236,Nuu_Chah_Nulth_nuuc1236,nuuc1236,nuk,Nuu-chah-nulth,,49.67,-126.67,varikin,Nuu_Chah_Nulth_nuuc1236.txt,NA,,NA,Varikin
v_nyakyusanyak1260,Nyakyusa_nyak1260,nyak1260,nyy,Nyakyusa-Ngonde,Atlantic-Congo,-9.71018,33.7763,varikin,Nyakyusa_nyak1260.txt,NA,,NA,Varikin
v_nyamalnyam1271,Nyamal_nyam1271,nyam1271,nly,Nyamal,Pama-Nyungan,-21.6092,119.693,varikin,Nyamal_nyam1271.txt,NA,,NA,Varikin
v_nyangumartanyan1301,Nyangumarta_nyan1301,nyan1301,nna,Nyangumarta,Pama-Nyungan,-20.6271,121.391,varikin,Nyangumarta_nyan1301.txt,NA,,NA,Varikin
v_nyoronyor1246,Nyoro_nyor1246,nyor1246,nyo,Nyoro,Atlantic-Congo,0.95294,31.3493,varikin,Nyoro_nyor1246.txt,NA,,NA,Varikin
v_oduoduu1239,O_du_oduu1239,oduu1239,tyh,O'du,Austroasiatic,19.3497,104.106,varikin,O_du_oduu1239.txt,NA,,NA,Varikin
v_oldaramaicolda1245,Old_Aramaic_olda1245,olda1245,oar,Old Aramaic-Sam'alian,Afro-Asiatic,32.84,37,varikin,Old_Aramaic_olda1245.txt,NA,,NA,Varikin
v_oldchurchslavonicchur1257,Old_Church_Slavonic_chur1257,chur1257,chu,Church Slavic,Indo-European,43.7171,22.8442,varikin,Old_Church_Slavonic_chur1257.txt,NA,,NA,Varikin
v_oldenglishca4501100olde1238,Old_English_ca_450_1100__olde1238,olde1238,ang,Old English (ca. 450-1100),Indo-European,51.06,-1.31,varikin,Old_English_ca_450_1100__olde1238.txt,NA,,NA,Varikin
v_oldhighgermanca7501050oldh1241,Old_High_German_ca_750_1050__oldh1241,oldh1241,goh,Old High German (ca. 750-1050),Indo-European,52,10,varikin,Old_High_German_ca_750_1050__oldh1241.txt,NA,,NA,Varikin
v_oldirisholdi1245,Old_Irish_oldi1245,oldi1245,sga,Early Irish,Indo-European,53,-8,varikin,Old_Irish_oldi1245.txt,NA,,NA,Varikin
v_oldnorseoldn1244,Old_Norse_oldn1244,oldn1244,non,Old Norse,Indo-European,63.42,10.38,varikin,Old_Norse_oldn1244.txt,NA,,NA,Varikin
v_oldprussianprus1238,Old_Prussian_prus1238,prus1238,prg,Old Prussian,Indo-European,52.394,14.757,varikin,Old_Prussian_prus1238.txt,NA,,NA,Varikin
v_oldrussianoldr1238,Old_Russian_oldr1238,oldr1238,orv,Old Russian,Indo-European,54.813,31.827,varikin,Old_Russian_oldr1238.txt,NA,,NA,Varikin
v_oldwelsholdw1239,Old_Welsh_oldw1239,oldw1239,owl,Old-Middle Welsh,Indo-European,52.582,-4.089,varikin,Old_Welsh_oldw1239.txt,NA,,NA,Varikin
v_ontongjavaonto1237,Ontong_Java_onto1237,onto1237,ojv,Luangiua,Austronesian,-5.49029,159.701,varikin,Ontong_Java_onto1237.txt,NA,,NA,Varikin
v_opataopat1246,Opata_opat1246,opat1246,opt,Teguima,Uto-Aztecan,31.15211,-110.06212,varikin,Opata_opat1246.txt,NA,,NA,Varikin
v_oriyaoriy1255,Oriya_oriy1255,oriy1255,ory,Odia,Indo-European,21,85,varikin,Oriya_oriy1255.txt,NA,,NA,Varikin
v_orokoorok1266,Oroko_orok1266,orok1266,bdu,Oroko,Atlantic-Congo,4.89504,9.15209,varikin,Oroko_orok1266.txt,NA,,NA,Varikin
v_ossetianosse1243,Ossetian_osse1243,osse1243,,Modern Ossetic,Indo-European,42.98,44.61,varikin,Ossetian_osse1243.txt,NA,,NA,Varikin
v_osseticosse1245,Ossetic_osse1245,osse1245,,Ossetic,Indo-European,,,varikin,Ossetic_osse1245.txt,NA,,NA,Varikin
v_paakantyidarl1243,Paakantyi_darl1243,darl1243,drl,Paakantyi,Pama-Nyungan,-32.7021,142.695,varikin,Paakantyi_darl1243.txt,NA,,NA,Varikin
v_paezpaez1247,Páez_paez1247,paez1247,pbb,Páez,,2.61516,-76.31254,varikin,Páez_paez1247.txt,NA,,NA,Varikin
v_paliyanpali1274,Paliyan_pali1274,pali1274,pcf,Paliyan,Dravidian,10.087,77.1863,varikin,Paliyan_pali1274.txt,NA,,NA,Varikin
v_panjabipanj1256,Panjabi_panj1256,panj1256,pan,Eastern Panjabi,Indo-European,30.0368,75.6702,varikin,Panjabi_panj1256.txt,NA,,NA,Varikin
v_pashtopash1269,Pashto_pash1269,pash1269,,Pashto,Indo-European,,,varikin,Pashto_pash1269.txt,NA,,NA,Varikin
v_payungubayu1240,Payungu_bayu1240,bayu1240,bxj,Bayungu,Pama-Nyungan,-23.3809,114.108,varikin,Payungu_bayu1240.txt,NA,,NA,Varikin
v_phendephen1239,Phende_phen1239,phen1239,pem,Phende,Atlantic-Congo,-5.64735,19.8275,varikin,Phende_phen1239.txt,NA,,NA,Varikin
v_pilagapila1245,Pilagá_pila1245,pila1245,plg,Pilagá,,-25.0058,-60.1537,varikin,Pilagá_pila1245.txt,NA,,NA,Varikin
v_pimadeyepachicchih1238,Pima_de_Yepáchic_chih1238,chih1238,,Chihuahua Pima Bajo,Uto-Aztecan,,,varikin,Pima_de_Yepáchic_chih1238.txt,NA,,NA,Varikin
v_pinjipinj1243,Pinji_pinj1243,pinj1243,pic,Pinji,Atlantic-Congo,-1.90305,11.223,varikin,Pinji_pinj1243.txt,NA,,NA,Varikin
v_pintupiluritjapint1250,PintupiLuritja_pint1250,pint1250,piu,Pintupi-Luritja,Pama-Nyungan,-23.2963,130.643,varikin,PintupiLuritja_pint1250.txt,NA,,NA,Varikin
v_pipilpipi1250,Pipil_pipi1250,pipi1250,ppl,Pipil,Uto-Aztecan,13.8931,-89.443,varikin,Pipil_pipi1250.txt,NA,,NA,Varikin
v_pirriyapirr1240,Pirriya_pirr1240,pirr1240,xpa,Pirriya,Pama-Nyungan,-25.48006595,142.5485119,varikin,Pirriya_pirr1240.txt,NA,,NA,Varikin
v_pitjantjatjarapitj1243,Pitjantjatjara_pitj1243,pitj1243,pjt,Pitjantjatjara,Pama-Nyungan,-26.9704,131.357,varikin,Pitjantjatjara_pitj1243.txt,NA,,NA,Varikin
v_pittapittapitt1247,Pitta_Pitta_pitt1247,pitt1247,pit,Pitta Pitta,Pama-Nyungan,-22.7952,139.983,varikin,Pitta_Pitta_pitt1247.txt,NA,,NA,Varikin
v_pokomopoko1261,Pokomo_poko1261,poko1261,pkb,Pokomo,Atlantic-Congo,-2.31587,40.2897,varikin,Pokomo_poko1261.txt,NA,,NA,Varikin
v_polcipolc1243,Polci_polc1243,polc1243,plj,Polci,Afro-Asiatic,10.0258,9.53362,varikin,Polci_polc1243.txt,NA,,NA,Varikin
v_polishpoli1260,Polish_poli1260,poli1260,pol,Polish,Indo-European,51.8439,18.6255,varikin,Polish_poli1260.txt,NA,,NA,Varikin
v_portugueseport1283,Portuguese_port1283,port1283,por,Portuguese,Indo-European,39.91,-8.1,varikin,Portuguese_port1283.txt,NA,,NA,Varikin
v_praiphai1238,Prai_phai1238,phai1238,prt,Prai,Austroasiatic,19.0383,101.218,varikin,Prai_phai1238.txt,NA,,NA,Varikin
v_puinavepuin1248,Puinave_puin1248,puin1248,pui,Puinave,,3.92974,-67.6886,varikin,Puinave_puin1248.txt,NA,,NA,Varikin
v_pumepume1238,Pumé_pume1238,pume1238,yae,Pumé,,7.10677,-67.5996,varikin,Pumé_pume1238.txt,NA,,NA,Varikin
v_punupunu1239,Punu_punu1239,punu1239,puu,Punu,Atlantic-Congo,-2.67362,11.6714,varikin,Punu_punu1239.txt,NA,,NA,Varikin
v_puyumapuyu1239,Puyuma_puyu1239,puyu1239,pyu,Puyuma,Austronesian,22.643,120.996,varikin,Puyuma_puyu1239.txt,NA,,NA,Varikin
v_qawasquarqawa1238,Qawasquar_qawa1238,qawa1238,alc,Qawasqar,,-49.303195,-74.707536,varikin,Qawasquar_qawa1238.txt,NA,,NA,Varikin
v_quechanquec1382,Quechan_quec1382,quec1382,yum,Quechan,,32.7859,-114.599,varikin,Quechan_quec1382.txt,NA,,NA,Varikin
v_raroianstuam1242,Raroians_tuam1242,tuam1242,pmt,Tuamotuan,Austronesian,-16.17259,-146.321755,varikin,Raroians_tuam1242.txt,NA,,NA,Varikin
v_rennellislandersrenn1242,Rennell_Islanders_renn1242,renn1242,mnv,Rennell-Bellona,Austronesian,-11.6237,160.265,varikin,Rennell_Islanders_renn1242.txt,NA,,NA,Varikin
v_ritharrngurita1239,Ritharrngu_rita1239,rita1239,rit,Ritarungo,Pama-Nyungan,-13.4559,135.259,varikin,Ritharrngu_rita1239.txt,NA,,NA,Varikin
v_romanianroma1327,Romanian_roma1327,roma1327,ron,Romanian,Indo-European,46.3913,24.2256,varikin,Romanian_roma1327.txt,NA,,NA,Varikin
v_rotinesetermanuterm1237,Rotinese_Termanu__term1237,term1237,twu,Termanu,Austronesian,-10.7326,123.169,varikin,Rotinese_Termanu__term1237.txt,NA,,NA,Varikin
v_rotumansrotu1241,Rotumans_rotu1241,rotu1241,rtm,Rotuman,Austronesian,-12.5008,177.066,varikin,Rotumans_rotu1241.txt,NA,,NA,Varikin
v_rundirund1242,Rundi_rund1242,rund1242,run,Rundi,Atlantic-Congo,-2.94,29.97,varikin,Rundi_rund1242.txt,NA,,NA,Varikin
v_russianruss1263,Russian_russ1263,russ1263,rus,Russian,Indo-European,59,50,varikin,Russian_russ1263.txt,NA,,NA,Varikin
v_rutulshin1265,Rutul_shin1265,shin1265,,Shina (Nakh-Daghestan),Nakh-Daghestanian,,,varikin,Rutul_shin1265.txt,NA,,NA,Varikin
v_saasaaa1240,Sa_a_saaa1240,saaa1240,apb,Sa'a,Austronesian,-9.60258,161.467,varikin,Sa_a_saaa1240.txt,NA,,NA,Varikin
v_sakatasaka1287,Sakata_saka1287,saka1287,skt,Sakata,Atlantic-Congo,-2.85653,17.9669,varikin,Sakata_saka1287.txt,NA,,NA,Varikin
v_sakesake1247,Sake_sake1247,sake1247,sak,Sake,Atlantic-Congo,0.25188,11.787,varikin,Sake_sake1247.txt,NA,,NA,Varikin
v_samoansamo1305,Samoan_samo1305,samo1305,smo,Samoan,Austronesian,-13.92,-171.83,varikin,Samoan_samo1305.txt,NA,,NA,Varikin
v_sanapanasana1298,Sanapana_sana1298,sana1298,spn,Sanapaná,,-22.49,-58.38,varikin,Sanapana_sana1298.txt,NA,,NA,Varikin
v_sangosang1331,Sango_sang1331,sang1331,sng,Sanga (Democratic Republic of Congo),Atlantic-Congo,-10.0236,26.8462,varikin,Sango_sang1331.txt,NA,,NA,Varikin
v_sangusang1333,Sangu_sang1333,sang1333,snq,Sangu (Gabon),Atlantic-Congo,-1.52694,11.9098,varikin,Sangu_sang1333.txt,NA,,NA,Varikin
v_sangutanzaniasang1330,Sangu_Tanzania__sang1330,sang1330,sbp,Sangu (Tanzania),Atlantic-Congo,-8.4,33.9,varikin,Sangu_Tanzania__sang1330.txt,NA,,NA,Varikin
v_sansalvadorkongosans1272,San_Salvador_Kongo_sans1272,sans1272,kwy,Cimbala-Cizali,Atlantic-Congo,-5.33539,13.3587,varikin,San_Salvador_Kongo_sans1272.txt,NA,,NA,Varikin
v_sanskritsans1269,Sanskrit_sans1269,sans1269,san,Sanskrit,Indo-European,20,77,varikin,Sanskrit_sans1269.txt,NA,,NA,Varikin
v_sardiniansard1257,Sardinian_sard1257,sard1257,,Sardinian,Indo-European,,,varikin,Sardinian_sard1257.txt,NA,,NA,Varikin
v_saterfriesischsate1242,Saterfriesisch_sate1242,sate1242,stq,Ems-Weser Frisian,Indo-European,53.117,7.721,varikin,Saterfriesisch_sate1242.txt,NA,,NA,Varikin
v_sekiseki1238,Seki_seki1238,seki1238,syi,Seki,Atlantic-Congo,1.52302,9.79206,varikin,Seki_seki1238.txt,NA,,NA,Varikin
v_selknamonaa1245,Selk_nam_onaa1245,onaa1245,ona,Selk'nam,,-54,-68.5,varikin,Selk_nam_onaa1245.txt,NA,,NA,Varikin
v_selkupselk1253,Selkup_selk1253,selk1253,sel,Selkup,Uralic,59.9409,82.3004,varikin,Selkup_selk1253.txt,NA,,NA,Varikin
v_serbocroationsout1528,Serbocroation_sout1528,sout1528,hbs,Serbian-Croatian-Bosnian,Indo-European,44.15,18.81,varikin,Serbocroation_sout1528.txt,NA,,NA,Varikin
v_serbsserb1264,Serbs_serb1264,serb1264,srp,Serbian Standard,Indo-European,44.3238,21.9192,varikin,Serbs_serb1264.txt,NA,,NA,Varikin
v_seriseri1257,Seri_seri1257,seri1257,sei,Seri,,28.9877,-112.384,varikin,Seri_seri1257.txt,NA,,NA,Varikin
v_serranoserr1255,Serrano_serr1255,serr1255,ser,Serrano,Uto-Aztecan,33.9479,-116.772,varikin,Serrano_serr1255.txt,NA,,NA,Varikin
v_shastashas1239,Shasta_shas1239,shas1239,sht,Shasta,,41.7587,-122.738,varikin,Shasta_shas1239.txt,NA,,NA,Varikin
v_shipiboship1254,Shipibo_ship1254,ship1254,shp,Shipibo-Conibo,Pano-Tacanan,-7.17105,-74.8219,varikin,Shipibo_ship1254.txt,NA,,NA,Varikin
v_shishii1238,Shi_shii1238,shii1238,shr,Shi,Atlantic-Congo,-2.55777,28.6122,varikin,Shi_shii1238.txt,NA,,NA,Varikin
v_shonashon1251,Shona_shon1251,shon1251,sna,Shona,Atlantic-Congo,-17.20849,29.75725,varikin,Shona_shon1251.txt,NA,,NA,Varikin
v_shoshonishos1248,Shoshoni_shos1248,shos1248,shh,Shoshoni,Uto-Aztecan,41,-116,varikin,Shoshoni_shos1248.txt,NA,,NA,Varikin
v_sindhisind1272,Sindhi_sind1272,sind1272,snd,Sindhi,Indo-European,26,69,varikin,Sindhi_sind1272.txt,NA,,NA,Varikin
v_sinhalasinh1246,Sinhala_sinh1246,sinh1246,sin,Sinhala,Indo-European,8,81,varikin,Sinhala_sinh1246.txt,NA,,NA,Varikin
v_sionsion1247,Sion_sion1247,sion1247,snn,Siona-Tetete,,0.31733,-76.0237,varikin,Sion_sion1247.txt,NA,,NA,Varikin
v_sirasira1266,Sira_sira1266,sira1266,swj,Sira,Atlantic-Congo,-1.78084,10.4635,varikin,Sira_sira1266.txt,NA,,NA,Varikin
v_slovakianslov1269,Slovakian_slov1269,slov1269,slk,Slovak,Indo-European,48.545705,18.78479,varikin,Slovakian_slov1269.txt,NA,,NA,Varikin
v_slovenianslov1268,Slovenian_slov1268,slov1268,slv,Slovenian,Indo-European,46.2543,14.7766,varikin,Slovenian_slov1268.txt,NA,,NA,Varikin
v_sogasoga1242,Soga_soga1242,soga1242,xog,Soga,Atlantic-Congo,0.40456,33.3942,varikin,Soga_soga1242.txt,NA,,NA,Varikin
v_songoorasong1300,Songoora_song1300,song1300,sod,Songoora,Atlantic-Congo,-2.21871,26.3477,varikin,Songoora_song1300.txt,NA,,NA,Varikin
v_southeasterntepehuanosout2976,Southeastern_Tepehuano_sout2976,sout2976,stp,Southeastern Tepehuan,Uto-Aztecan,23.1584,-103.983,varikin,Southeastern_Tepehuano_sout2976.txt,NA,,NA,Varikin
v_southerncoastaltsimshiannucl1649,Southern_Coastal_Tsimshian_nucl1649,nucl1649,tsi,Southern-Coastal Tsimshian,,52.59103,-128.544545,varikin,Southern_Coastal_Tsimshian_nucl1649.txt,NA,,NA,Varikin
v_southernpaiutesout2969,Southern_Paiute_sout2969,sout2969,,Southern Paiute,Uto-Aztecan,37,-114,varikin,Southern_Paiute_sout2969.txt,NA,,NA,Varikin
v_southerntepehuansout2975,Southern_Tepehuan_sout2975,sout2975,,Southern Tepehuan,Uto-Aztecan,,,varikin,Southern_Tepehuan_sout2975.txt,NA,,NA,Varikin
v_southerntepehuanwsout2977,Southern_Tepehuan_W__sout2977,sout2977,tla,Southwestern Tepehuan,Uto-Aztecan,23.2553,-104.688,varikin,Southern_Tepehuan_W__sout2977.txt,NA,,NA,Varikin
v_southernuteutee1244,Southern_Ute_utee1244,utee1244,,Ute,Uto-Aztecan,38,-109,varikin,Southern_Ute_utee1244.txt,NA,,NA,Varikin
v_southmarquesansout2866,South_Marquesan_sout2866,sout2866,mqm,South Marquesan,Austronesian,-9.75663,-138.979,varikin,South_Marquesan_sout2866.txt,NA,,NA,Varikin
v_standardcatalanstan1289,Standard_Catalan_stan1289,stan1289,cat,Catalan,Indo-European,41.453,1.569,varikin,Standard_Catalan_stan1289.txt,NA,,NA,Varikin
v_standardenglishstan1293,Standard_English_stan1293,stan1293,eng,English,Indo-European,53,-1,varikin,Standard_English_stan1293.txt,NA,,NA,Varikin
v_standardfrenchstan1290,Standard_French_stan1290,stan1290,fra,French,Indo-European,48,2,varikin,Standard_French_stan1290.txt,NA,,NA,Varikin
v_standardgermanstan1295,Standard_German_stan1295,stan1295,deu,German,Indo-European,48.649,12.4676,varikin,Standard_German_stan1295.txt,NA,,NA,Varikin
v_standardspanishstan1288,Standard_Spanish_stan1288,stan1288,spa,Spanish,Indo-European,40.4414,-1.11788,varikin,Standard_Spanish_stan1288.txt,NA,,NA,Varikin
v_sukumasuku1261,Sukuma_suku1261,suku1261,suk,Sukuma,Atlantic-Congo,-3.16082,32.8765,varikin,Sukuma_suku1261.txt,NA,,NA,Varikin
v_sukusuku1259,Suku_suku1259,suku1259,sub,Suku,Atlantic-Congo,-5.76495,17.7736,varikin,Suku_suku1259.txt,NA,,NA,Varikin
v_sumbwasumb1240,Sumbwa_sumb1240,sumb1240,suw,Sumbwa,Atlantic-Congo,-3.47335,31.9457,varikin,Sumbwa_sumb1240.txt,NA,,NA,Varikin
v_suundisuun1239,Suundi_suun1239,suun1239,sdj,Suundi,Atlantic-Congo,-4.58488,13.3212,varikin,Suundi_suun1239.txt,NA,,NA,Varikin
v_swedishswed1254,Swedish_swed1254,swed1254,swe,Swedish,Indo-European,59.800634,17.389526,varikin,Swedish_swed1254.txt,NA,,NA,Varikin
v_taabwashil1264,Taabwa_shil1264,shil1264,,Shila,Atlantic-Congo,,,varikin,Taabwa_shil1264.txt,NA,,NA,Varikin
v_tahitianstahi1242,Tahitians_tahi1242,tahi1242,tah,Tahitian,Austronesian,-17.6485,-149.45,varikin,Tahitians_tahi1242.txt,NA,,NA,Varikin
v_tajiktaji1245,Tajik_taji1245,taji1245,tgk,Tajik,Indo-European,38.8213,68.5549,varikin,Tajik_taji1245.txt,NA,,NA,Varikin
v_tamiltami1289,Tamil_tami1289,tami1289,tam,Tamil,Dravidian,10.520219,78.825989,varikin,Tamil_tami1289.txt,NA,,NA,Varikin
v_tanalatana1285,Tanala_tana1285,tana1285,,Tanala,Austronesian,,,varikin,Tanala_tana1285.txt,NA,,NA,Varikin
v_tarahumaracent2131,Tarahumara_cent2131,cent2131,tar,Central Tarahumara,Uto-Aztecan,27.5648,-107.154,varikin,Tarahumara_cent2131.txt,NA,,NA,Varikin
v_tehuelchetehu1242,Tehuelche_tehu1242,tehu1242,teh,Tehuelche,,-47.5796,-68.3235,varikin,Tehuelche_tehu1242.txt,NA,,NA,Varikin
v_telugutelu1262,Telugu_telu1262,telu1262,tel,Telugu,Dravidian,16.4529,78.7024,varikin,Telugu_telu1262.txt,NA,,NA,Varikin
v_temitemi1247,Temi_temi1247,temi1247,soz,Temi,Atlantic-Congo,-2.19303,35.8035,varikin,Temi_temi1247.txt,NA,,NA,Varikin
v_tetelatete1250,Tetela_tete1250,tete1250,tll,Tetela,Atlantic-Congo,-4.29314,24.546,varikin,Tetela_tete1250.txt,NA,,NA,Varikin
v_tikopiatiko1237,Tikopia_tiko1237,tiko1237,tkp,Tikopia,Austronesian,-12.2766,168.822,varikin,Tikopia_tiko1237.txt,NA,,NA,Varikin
v_tivtivv1240,Tiv_tivv1240,tivv1240,tiv,Tiv,Atlantic-Congo,6.88039,9.26287,varikin,Tiv_tivv1240.txt,NA,,NA,Varikin
v_tlingittlin1245,Tlingit_tlin1245,tlin1245,tli,Tlingit,,59.4447,-135.29,varikin,Tlingit_tlin1245.txt,NA,,NA,Varikin
v_tobatoba1269,Toba_toba1269,toba1269,tob,Toba,,-23.77,-61.96,varikin,Toba_toba1269.txt,NA,,NA,Varikin
v_todatoda1252,Toda_toda1252,toda1252,tcx,Toda,Dravidian,11.4184,77.0168,varikin,Toda_toda1252.txt,NA,,NA,Varikin
v_tohonooodhamtoho1245,Tohono_O_odham_toho1245,toho1245,ood,Tohono O'odham,Uto-Aztecan,31.7973,-111.995,varikin,Tohono_O_odham_toho1245.txt,NA,,NA,Varikin
v_tokelautoke1240,Tokelau_toke1240,toke1240,tkl,Tokelau,Austronesian,-9.227642,-171.780833,varikin,Tokelau_toke1240.txt,NA,,NA,Varikin
v_tokharianatokh1242,Tokharian_A_tokh1242,tokh1242,xto,Tokharian A,Indo-European,42.98,89.18,varikin,Tokharian_A_tokh1242.txt,NA,,NA,Varikin
v_tokharianbtokh1243,Tokharian_B_tokh1243,tokh1243,txb,Tokharian B,Indo-European,41.65,82.9,varikin,Tokharian_B_tokh1243.txt,NA,,NA,Varikin
v_tolowatolo1259,Tolowa_tolo1259,tolo1259,tol,Tolowa-Chetco,,41.9192,-124.1,varikin,Tolowa_tolo1259.txt,NA,,NA,Varikin
v_tongantong1325,Tongan_tong1325,tong1325,ton,Tonga (Tonga Islands),Austronesian,-21.17,-175.25,varikin,Tongan_tong1325.txt,NA,,NA,Varikin
v_tonganyasatong1321,Tonga_Nyasa__tong1321,tong1321,tog,Tonga (Nyasa),Atlantic-Congo,-12.0816,34.0613,varikin,Tonga_Nyasa__tong1321.txt,NA,,NA,Varikin
v_tongarevanspenr1237,Tongarevans_penr1237,penr1237,pnh,Māngarongaro,Austronesian,-9.082238,-157.922908,varikin,Tongarevans_penr1237.txt,NA,,NA,Varikin
v_toorotoor1238,Tooro_toor1238,toor1238,ttj,Tooro,Atlantic-Congo,0.57291,30.6389,varikin,Tooro_toor1238.txt,NA,,NA,Varikin
v_trinitariotrin1274,Trinitario_trin1274,trin1274,trn,Trinitario,Arawakan,-15.3331,-65.4096,varikin,Trinitario_trin1274.txt,NA,,NA,Varikin
v_trumaitrum1247,Trumai_trum1247,trum1247,tpy,Trumai,,-11.8119,-53.5717,varikin,Trumai_trum1247.txt,NA,,NA,Varikin
v_tsaangitsaa1242,Tsaangi_tsaa1242,tsaa1242,tsa,Tsaangi,Atlantic-Congo,-2.29245,12.7581,varikin,Tsaangi_tsaa1242.txt,NA,,NA,Varikin
v_tsafikicolo1249,Tsafiki_colo1249,colo1249,csn,Colombian Sign Language,,5.33532,-75.4464,varikin,Tsafiki_colo1249.txt,NA,,NA,Varikin
v_tsogotsog1243,Tsogo_tsog1243,tsog1243,tsv,Tsogo,Atlantic-Congo,-1.55469,11.1359,varikin,Tsogo_tsog1243.txt,NA,,NA,Varikin
v_tsongatson1249,Tsonga_tson1249,tson1249,tso,Tsonga,Atlantic-Congo,-23.5754,31.8105,varikin,Tsonga_tson1249.txt,NA,,NA,Varikin
v_tswanatswa1253,Tswana_tswa1253,tswa1253,tsn,Tswana,Atlantic-Congo,-24.368,24.7587,varikin,Tswana_tswa1253.txt,NA,,NA,Varikin
v_tubartuba1279,Tubar_tuba1279,tuba1279,tbu,Tubar,Uto-Aztecan,30,-111,varikin,Tubar_tuba1279.txt,NA,,NA,Varikin
v_tubatulabaltuba1278,Tübatülabal_tuba1278,tuba1278,tub,Tübatulabal,Uto-Aztecan,35.327,-117.163,varikin,Tübatülabal_tuba1278.txt,NA,,NA,Varikin
v_tucanotuca1252,Tucano_tuca1252,tuca1252,tuo,Tucano,,0.579755,-69.5763,varikin,Tucano_tuca1252.txt,NA,,NA,Varikin
v_tumpishashoshonipana1305,Tümpisha_Shoshoni_pana1305,pana1305,par,Panamint,Uto-Aztecan,36.0007,-117.901,varikin,Tümpisha_Shoshoni_pana1305.txt,NA,,NA,Varikin
v_tundranenetsnene1249,Tundra_Nenets_nene1249,nene1249,yrk,Tundra Nenets,Uralic,66.1775,71.0234,varikin,Tundra_Nenets_nene1249.txt,NA,,NA,Varikin
v_tupinambatupi1273,Tupinambá_tupi1273,tupi1273,tpn,Tupinambá,Tupian,-22.807778,-42.106389,varikin,Tupinambá_tupi1273.txt,NA,,NA,Varikin
v_tuyucatuyu1244,Tuyuca_tuyu1244,tuyu1244,tue,Tuyuca,,0.39441,-70.043515,varikin,Tuyuca_tuyu1244.txt,NA,,NA,Varikin
v_tzeltaltzel1254,Tzeltal_tzel1254,tzel1254,tzh,Tzeltal,,16.6384,-92.2786,varikin,Tzeltal_tzel1254.txt,NA,,NA,Varikin
v_udmurtudmu1245,Udmurt_udmu1245,udmu1245,udm,Udmurt,Uralic,56.12921,52.63548,varikin,Udmurt_udmu1245.txt,NA,,NA,Varikin
v_ukrainianukra1253,Ukrainian_ukra1253,ukra1253,ukr,Ukrainian,Indo-European,49.796,29.945,varikin,Ukrainian_ukra1253.txt,NA,,NA,Varikin
v_ulawaulaw1237,Ulawa_ulaw1237,ulaw1237,,Ulawa,Austronesian,,,varikin,Ulawa_ulaw1237.txt,NA,,NA,Varikin
v_umbunduumbu1257,Umbundu_umbu1257,umbu1257,umb,Umbundu,Atlantic-Congo,-12.4763,14.4148,varikin,Umbundu_umbu1257.txt,NA,,NA,Varikin
v_umpilaumpi1239,Umpila_umpi1239,umpi1239,ump,Umpila,Pama-Nyungan,-13.1528,143.467,varikin,Umpila_umpi1239.txt,NA,,NA,Varikin
v_urduurdu1245,Urdu_urdu1245,urdu1245,urd,Urdu,Indo-European,25,67,varikin,Urdu_urdu1245.txt,NA,,NA,Varikin
v_vendavend1245,Venda_vend1245,vend1245,ven,Venda,Atlantic-Congo,-22.188,29.9523,varikin,Venda_vend1245.txt,NA,,NA,Varikin
v_vepsveps1250,Veps_veps1250,veps1250,vep,Veps,Uralic,60.3353,34.7865,varikin,Veps_veps1250.txt,NA,,NA,Varikin
v_vilivili1238,Vili_vili1238,vili1238,vif,Vili,Atlantic-Congo,-4.06716,11.3804,varikin,Vili_vili1238.txt,NA,,NA,Varikin
v_vlaxromanivlax1238,Vlax_Romani_vlax1238,vlax1238,rmy,Vlax Romani,Indo-European,46.09,18.16,varikin,Vlax_Romani_vlax1238.txt,NA,,NA,Varikin
v_wailakiwail1244,Wailaki_wail1244,wail1244,wlk,Eel River Athabaskan,,39.1513,-123.284,varikin,Wailaki_wail1244.txt,NA,,NA,Varikin
v_waiwaiwaiw1244,Wai_Wai_waiw1244,waiw1244,waw,Waiwai,Cariban,1.50881,-59.1417,varikin,Wai_Wai_waiw1244.txt,NA,,NA,Varikin
v_wajarriwaja1257,Wajarri_waja1257,waja1257,wbv,Wajarri,Pama-Nyungan,-28.1761,117.153,varikin,Wajarri_waja1257.txt,NA,,NA,Varikin
v_wakayawaga1260,Wakaya_waga1260,waga1260,wga,Wagaya,Pama-Nyungan,-20.329,137.623,varikin,Wakaya_waga1260.txt,NA,,NA,Varikin
v_wallonwall1255,Wallon_wall1255,wall1255,wln,Walloon,Indo-European,50.2235,5.14509,varikin,Wallon_wall1255.txt,NA,,NA,Varikin
v_wangkangurruwang1290,Wangkangurru_wang1290,wang1290,wgg,Wangganguru,Pama-Nyungan,-25.8148,135.941,varikin,Wangkangurru_wang1290.txt,NA,,NA,Varikin
v_wangkumarawong1246,Wangkumara_wong1246,wong1246,xwk,Wangkumara,Pama-Nyungan,,,varikin,Wangkumara_wong1246.txt,NA,,NA,Varikin
v_waoraniwaor1240,Waorani_waor1240,waor1240,auc,Waorani,,-1.12312,-76.683,varikin,Waorani_waor1240.txt,NA,,NA,Varikin
v_wapishanawapi1253,Wapishana_wapi1253,wapi1253,wap,Wapishana,Arawakan,2.58744,-59.8021,varikin,Wapishana_wapi1253.txt,NA,,NA,Varikin
v_wappowapp1239,Wappo_wapp1239,wapp1239,wao,Wappo,,38.25,-122.5,varikin,Wappo_wapp1239.txt,NA,,NA,Varikin
v_wariwari1268,Wari__wari1268,wari1268,pav,Wari',,-10.69948,-64.56152,varikin,Wari__wari1268.txt,NA,,NA,Varikin
v_warlmanpawarl1255,Warlmanpa_warl1255,warl1255,wrl,Warlmanpa,Pama-Nyungan,-18.949,133.862,varikin,Warlmanpa_warl1255.txt,NA,,NA,Varikin
v_warlpiriwarl1254,Warlpiri_warl1254,warl1254,wbp,Warlpiri,Pama-Nyungan,-20.1008,131.05,varikin,Warlpiri_warl1254.txt,NA,,NA,Varikin
v_warnmanwanm1242,Warnman_wanm1242,wanm1242,wbt,Wanman,Pama-Nyungan,-22.7078,122.325,varikin,Warnman_wanm1242.txt,NA,,NA,Varikin
v_waropenwaro1242,Waropen_waro1242,waro1242,wrp,Waropen,Austronesian,-2.31142,136.633,varikin,Waropen_waro1242.txt,NA,,NA,Varikin
v_warumunguwaru1265,Warumungu_waru1265,waru1265,wrm,Warumungu,Pama-Nyungan,-20.6479,134.375,varikin,Warumungu_waru1265.txt,NA,,NA,Varikin
v_warunguwaru1264,Warungu_waru1264,waru1264,wrg,Warrongo,Pama-Nyungan,-18.2496,144.37,varikin,Warungu_waru1264.txt,NA,,NA,Varikin
v_waurawaur1244,Waurá_waur1244,waur1244,wau,Waurá,Arawakan,-13.296,-53.6971,varikin,Waurá_waur1244.txt,NA,,NA,Varikin
v_wayuuwayu1243,Wayuu_wayu1243,wayu1243,guc,Wayuu,Arawakan,11.395566,-72.199791,varikin,Wayuu_wayu1243.txt,NA,,NA,Varikin
v_westernapachewest2615,Western_Apache_west2615,west2615,apw,Western Apache,,33.8574,-110.123,varikin,Western_Apache_west2615.txt,NA,,NA,Varikin
v_westernarmenianhoms1234,Western_Armenian_homs1234,homs1234,hyw,Western Armenian,Indo-European,40.1897,44.4839,varikin,Western_Armenian_homs1234.txt,NA,,NA,Varikin
v_westernfarsiwest2369,Western_Farsi_west2369,west2369,pes,Western Farsi,Indo-European,32.9,53.3,varikin,Western_Farsi_west2369.txt,NA,,NA,Varikin
v_westernpanjabiwest2386,Western_Panjabi_west2386,west2386,pnb,Western Panjabi,Indo-European,30.0948,75.3474,varikin,Western_Panjabi_west2386.txt,NA,,NA,Varikin
v_westernshoshoniwest2622,Western_Shoshoni_west2622,west2622,,Western Shoshoni,Uto-Aztecan,,,varikin,Western_Shoshoni_west2622.txt,NA,,NA,Varikin
v_whitemesauteutee1244b,White_Mesa_Ute_utee1244b,utee1244,,Ute,Uto-Aztecan,38,-109,varikin,White_Mesa_Ute_utee1244b.txt,NA,,NA,Varikin
v_wichiwich1264,Wichí_wich1264,wich1264,mzh,Wichí Lhamtés Güisnay,,-23.1633,-62.1757,varikin,Wichí_wich1264.txt,NA,,NA,Varikin
v_wikmungkanwikm1247,WikMungkan_wikm1247,wikm1247,wim,Wik-Mungkan,Pama-Nyungan,-13.98051,141.81611,varikin,WikMungkan_wikm1247.txt,NA,,NA,Varikin
v_wiradjuriwira1262,Wiradjuri_wira1262,wira1262,wrh,Wiradhuri,Pama-Nyungan,-34.0742,145.994,varikin,Wiradjuri_wira1262.txt,NA,,NA,Varikin
v_wiranguwira1265,Wirangu_wira1265,wira1265,wgu,Wirangu,Pama-Nyungan,-32,134,varikin,Wirangu_wira1265.txt,NA,,NA,Varikin
v_wiyotwiyo1248,Wiyot_wiyo1248,wiyo1248,wiy,Wiyot,Algic,39.2492,-122.952,varikin,Wiyot_wiyo1248.txt,NA,,NA,Varikin
v_woiwurrungwoiw1237,Woiwurrung_woiw1237,woiw1237,wyi,Woiwurrung-Thagungwurrung,Pama-Nyungan,-37.64264501,145.5879962,varikin,Woiwurrung_woiw1237.txt,NA,,NA,Varikin
v_wulguruwulg1239,Wulguru_wulg1239,wulg1239,qgu,Wulguru,Pama-Nyungan,-19.85103121,146.3453957,varikin,Wulguru_wulg1239.txt,NA,,NA,Varikin
v_wuvuluauawuvu1239,Wuvulu_Aua_wuvu1239,wuvu1239,wuv,Wuvulu-Aua,Austronesian,-1.73938,142.851,varikin,Wuvulu_Aua_wuvu1239.txt,NA,,NA,Varikin
v_yakacaryaka1272,Yaka_CAR__yaka1272,yaka1272,axk,Yaka (Central African Republic),Atlantic-Congo,3.6515,17.2713,varikin,Yaka_CAR__yaka1272.txt,NA,,NA,Varikin
v_yakapelendelonzoyaka1269,Yaka_Pelende_Lonzo_yaka1269,yaka1269,yaf,Yaka-Pelende-Lonzo,Atlantic-Congo,-6.93964,16.9965,varikin,Yaka_Pelende_Lonzo_yaka1269.txt,NA,,NA,Varikin
v_yalarnngayala1262,Yalarnnga_yala1262,yala1262,ylr,Yalarnnga,Pama-Nyungan,-21.731,139.511,varikin,Yalarnnga_yala1262.txt,NA,,NA,Varikin
v_yamanayama1264,Yamana_yama1264,yama1264,yag,Yámana,,-55.2748,-68.2648,varikin,Yamana_yama1264.txt,NA,,NA,Varikin
v_yamitaoyami1254,Yami_Tao__yami1254,yami1254,tao,Yami,Austronesian,22.055,121.544,varikin,Yami_Tao__yami1254.txt,NA,,NA,Varikin
v_yandruwandhayand1253,Yandruwandha_yand1253,yand1253,ynd,Yandruwandha,Pama-Nyungan,-28.4744,140.583,varikin,Yandruwandha_yand1253.txt,NA,,NA,Varikin
v_yanomamiyano1262,Yanomámi_yano1262,yano1262,wca,Yanomám,,2.48999,-62.8522,varikin,Yanomámi_yano1262.txt,NA,,NA,Varikin
v_yansiyans1239,Yansi_yans1239,yans1239,yns,Yansi,Atlantic-Congo,-3.8231,18.2341,varikin,Yansi_yans1239.txt,NA,,NA,Varikin
v_yanyuwayany1243,Yanyuwa_yany1243,yany1243,jao,Yanyuwa,Pama-Nyungan,-15.7621,136.055,varikin,Yanyuwa_yany1243.txt,NA,,NA,Varikin
v_yaoyaoo1241,Yao_yaoo1241,yaoo1241,yao,Yao,Atlantic-Congo,-13.6119,35.2387,varikin,Yao_yaoo1241.txt,NA,,NA,Varikin
v_yaquiyaqu1251,Yaqui_yaqu1251,yaqu1251,yaq,Yaqui,Uto-Aztecan,29.9446,-110.681,varikin,Yaqui_yaqu1251.txt,NA,,NA,Varikin
v_yarluyandingam1265,Yarluyandi_ngam1265,ngam1265,nmv,Ngamini-Yarluyandi-Karangura,Pama-Nyungan,-27.1797,138.701,varikin,Yarluyandi_ngam1265.txt,NA,,NA,Varikin
v_yaviteroyavi1244,Yavitero_yavi1244,yavi1244,yvt,Yavitero,Arawakan,2.800281,-68.084219,varikin,Yavitero_yavi1244.txt,NA,,NA,Varikin
v_yerukulayeru1240,Yerukula_yeru1240,yeru1240,yeu,Yerukula,Dravidian,17.3702,81.9748,varikin,Yerukula_yeru1240.txt,NA,,NA,Varikin
v_yidinyyidi1250,Yidiny_yidi1250,yidi1250,yii,Yidiñ,Pama-Nyungan,-17.1332,145.876,varikin,Yidiny_yidi1250.txt,NA,,NA,Varikin
v_yindjibarndiyind1247,Yindjibarndi_yind1247,yind1247,yij,Yindjibarndi,Pama-Nyungan,-21.5379,117.001,varikin,Yindjibarndi_yind1247.txt,NA,,NA,Varikin
v_yombeyomb1244,Yombe_yomb1244,yomb1244,yom,Yombe,Atlantic-Congo,-4.86227,12.6362,varikin,Yombe_yomb1244.txt,NA,,NA,Varikin
v_yortayortayort1237,Yorta_Yorta_yort1237,yort1237,xyy,Yorta Yorta,Pama-Nyungan,-35.9,145.01,varikin,Yorta_Yorta_yort1237.txt,NA,,NA,Varikin
v_yucatecmayayuca1254,Yucatec_Maya_yuca1254,yuca1254,yua,Yucatec Maya,,18.7757,-88.9567,varikin,Yucatec_Maya_yuca1254.txt,NA,,NA,Varikin
v_yugambehyugu1249,Yugambeh_yugu1249,yugu1249,,Yugumbir,Pama-Nyungan,,,varikin,Yugambeh_yugu1249.txt,NA,,NA,Varikin
v_yukiyuki1243,Yuki_yuki1243,yuki1243,yuk,Northern Yukian,,39.8389,-123.296,varikin,Yuki_yuki1243.txt,NA,,NA,Varikin
v_yulparijayulp1239,Yulparija_yulp1239,yulp1239,,Yulparija,Pama-Nyungan,-18.923519,122.370316,varikin,Yulparija_yulp1239.txt,NA,,NA,Varikin
v_yurokyuro1248,Yurok_yuro1248,yuro1248,yur,Yurok,Algic,41.3262,-123.824,varikin,Yurok_yuro1248.txt,NA,,NA,Varikin
v_yuwaalaraaygami1243,Yuwaalaraay_gami1243,gami1243,kld,Yuwaalaraay-Gamilaraay,Pama-Nyungan,-29.9037,149.543,varikin,Yuwaalaraay_gami1243.txt,NA,,NA,Varikin
v_zigulazigu1242,Zigula_zigu1242,zigu1242,,Zigula,Atlantic-Congo,-5.61864,38.4114,varikin,Zigula_zigu1242.txt,NA,,NA,Varikin
v_zinzazinz1238,Zinza_zinz1238,zinz1238,zin,Zinza,Atlantic-Congo,-2.64132,32.1755,varikin,Zinza_zinz1238.txt,NA,,NA,Varikin
v_zuluzulu1248,Zulu_zulu1248,zulu1248,zul,Zulu,Atlantic-Congo,-28.9,30.2,varikin,Zulu_zulu1248.txt,NA,,NA,Varikin
v_zunizuni1245,Zuni_zuni1245,zuni1245,zun,Zuni,,35.0056,-108.782,varikin,Zuni_zuni1245.txt,NA,,NA,Varikin
v_achuarachu1249,Achuar_achu1249,achu1249,acu,Achuar,Chicham,-2.83,-77.26,varikin,Achuar_achu1249.txt,20200713,,NA,Varikin
v_northernojibwanort2961,Northern_Ojibwa_nort2961,nort2961,obj,Northern Ojibwa,Algic,51.62,-87.79,varikin,Northern_Ojibwa_nort2961.txt,NA,,NA,Varikin
v_hunzahunz1248,Hunza_hunz1248,hunz1248,,Hunza,Isolate,36.22,74.82,varikin,Hunza_hunz1248.txt,20200714,The main source used to collect this language used Burusho terms. Burusho is a sub-group of Hunza. ,NA,Varikin
v_ottowaojibwaotta1242,Ottowa_Ojibwa_otta1242,otta1242,otw,Ottowa Ojibwa,Algic,44.6,-83.23,varikin,Ottowa_Ojibwa_otta1242.txt,20200715,"Could be ottowa ojibwa, or central ojibwa. The source is unclear. Ottowa's geographic location in Glottolog is closer to the description in the original source",NA,Varikin
v_ngaatjatjarrangaa1240,Ngaatjatjarra_ngaa1240,ngaa1240,ntj,Ngaatjatjarra,Pama-Nyungan,-25.75,127.6,varikin,Ngaatjatjara_ngaa1240.txt,20200715,"Ngaatjatjara could be the same as Ngaanyatjarra, in which case the language has been collected twice. ",NA,Varikin
v_kumaonikuma1273,Kumaoni_kuma1273,kuma1273,kfy,Kumaoni,Indo-European,29.56,80.02,varikin,Kumaoni_kuma1273.txt,20200730,,NA,Varikin
v_keikeii1239,Kei_keii1239,keii1239,kei,Kei,Austronesian,-5.64,133.02,varikin,Kei_keii1239.csv,NA,,NA,Varikin
v_yamdenayamd1240,Yamdena_yamd1240,yamd1240,jmd,Yamdena,Austronesian,-7.74,131.44,varikin,Yamdena_yamd1240.csv,NA,,NA,Varikin
v_fordataford1242,Fordata_ford1242,ford1242,frd,Fordata,Austronesian,-7.29,131.51,varikin,Fordata_ford1242.csv,NA,,NA,Varikin
v_kungjuho1239,Kung_juho1239,juho1239,ktz,"!Kung, Southeastern Ju, or Ju'hoan",Kxa,-19.69,20.77,varikin,Kung_juho1239.csv,20200814,"This language has many different names. Kung was chosen for the project file due to lack of special characters, even if ju'hoansi is the one now viewed to be correct.",NA,Varikin
v_copp1244,Copper_Inuit_copp1244,copp1244,,Copper Inuit,Eskimo-Aleut,,,varikin,Copper_Inuit_copp1244.csv,NA,,NA,Varikin
v_nort2944,Nunamiut_nort2944,nort2944,,Nunamiut,Eskimo-Aleut,,,varikin,Nunamiut_nort2944.csv,NA,,NA,Varikin
v_nets1241,Netsilik_nets1241,nets1241,,Netsilik,Eskimo-Aleut,,,varikin,Netsilik_nets1241.csv,NA,,NA,Varikin